repository_path,main_package_path,asset_type,origin,rights_basis,public_submission_status,sha256,notes
macos/assets/portal-hero.png,assets/portal-hero.png,PNG background,"Inherited unchanged from pinned upstream commit 2f038b5; upstream records gpt-image-2 generation",Upstream MIT record and provider terms documented in macos/references/asset-provenance.md,allowed-with-attribution,31bde93bb02d6723e0b6aa0ead675577604120acb0a6799163dd37f5cdd0a08e,"Abstract geometry; no character; do not relabel as BUGFIRE-original"
macos/assets/renderer-inject.js,assets/renderer-inject.js,SVG/CSS source,"BUGFIRE repository implementation",Repository MIT license,allowed,not-applicable,"Contains original Patch Dragon vector markup; software source rather than a standalone raster asset"
contest/bugfire/demo/source-assets/background.svg,contest/bugfire/demo/source-assets/background.svg,SVG source,"Created for the VibeLab Patchling Zero demo in this repository",Repository MIT license,allowed,8cbdc5faa81c2ec7ee37cabfd357354b63d8ef6a1e8560ffc3cb94b8df68cddb,"Original abstract grid/workbench composition"
contest/bugfire/demo/source-assets/patchling-zero.svg,contest/bugfire/demo/source-assets/patchling-zero.svg,SVG source,"Created for the VibeLab Patchling Zero demo in this repository",Repository MIT license,allowed,d75b0b813bbd2def5fa1150fbdee974b0cdd726f4ec38c0226fbf05bf84d911c,"Original pixel circuit salamander; no known-character reference"
contest/bugfire/demo/assets/background.png,contest/bugfire/demo/assets/background.png,PNG export,"Deterministic raster export of repository background.svg",Repository MIT license,allowed,3c6bc8dcee93125869127165dc723c609f9afe0cfdb7c78474f3ef3400c243de,"Generated locally with ImageMagick; source retained"
contest/bugfire/demo/assets/pet-idle.png,contest/bugfire/demo/assets/pet-idle.png,PNG export,"Deterministic raster export of repository patchling-zero.svg",Repository MIT license,allowed,5955b25f841606ec7ba7d3c03dd867176133dfb127dda0bc16e440056b8345e4,"Generated locally with ImageMagick; source retained"
contest/bugfire/boards/01-ai-draft.png,contest/bugfire/boards/01-ai-draft.png,PNG evidence board,"Offline Chrome capture of repository-local HTML and SVG only",Repository MIT license,allowed,6bc423a9305eb0a8d311f0567ea481d280e58aa455ac42f07de92951e7a7a987,"1920x1080; regenerated by render-boards.sh; no network resources"
contest/bugfire/boards/02-human-rejection.png,contest/bugfire/boards/02-human-rejection.png,PNG evidence board,"Offline Chrome capture of repository-local HTML only",Repository MIT license,allowed,ca22ffd2a065ca538a8c0520860f5596e37061decaedea64911596c5cd3d56c6,"1920x1080; regenerated by render-boards.sh; no network resources"
contest/bugfire/boards/03-pack-preview.png,contest/bugfire/boards/03-pack-preview.png,PNG preview capture,"Offline Chrome capture of preview.html generated from reviewed local pack",Repository MIT license,allowed,b0c6e094c44fe26dc7e0ac3443fedccd9c5933d7363574ab67f8e14646f60ab0,"1920x1080; regenerated by render-boards.sh; no network resources"
docs/images/bugfire-build-failed.png,docs/images/bugfire-build-failed.png,privacy-safe product screenshot,"Captured from local BUGFIRE demo",Repository documentation evidence,allowed,e4fad7a73024606b8ebbd036d41a7334bf7c0f20f8411663b6f817ebd3039d4f,"Existing engineering evidence; not new AI-director evidence"
docs/images/bugfire-certificate.png,docs/images/bugfire-certificate.png,privacy-safe product screenshot,"Captured from local BUGFIRE demo",Repository documentation evidence,allowed,f070279acb6797f4a1dfcc797a9f4c6f2e18203ec959de8f65edee620aaed56b,"Existing engineering evidence; not new AI-director evidence"
docs/images/bugfire-director-ai-draft.png,docs/images/bugfire-director-ai-draft.png,PNG evidence board copy,"Exact copy of contest/bugfire/boards/01-ai-draft.png for GitHub Pages",Repository MIT license,allowed,6bc423a9305eb0a8d311f0567ea481d280e58aa455ac42f07de92951e7a7a987,"1920x1080; generated locally; no network resources"
docs/images/bugfire-director-human-rejection.png,docs/images/bugfire-director-human-rejection.png,PNG evidence board copy,"Exact copy of contest/bugfire/boards/02-human-rejection.png for GitHub Pages",Repository MIT license,allowed,ca22ffd2a065ca538a8c0520860f5596e37061decaedea64911596c5cd3d56c6,"1920x1080; generated locally; no network resources"
docs/images/bugfire-director-pack-preview.png,docs/images/bugfire-director-pack-preview.png,PNG preview capture copy,"Exact copy of contest/bugfire/boards/03-pack-preview.png for GitHub Pages",Repository MIT license,allowed,b0c6e094c44fe26dc7e0ac3443fedccd9c5933d7363574ab67f8e14646f60ab0,"1920x1080; generated locally; no network resources"
docs/images/bugfire-home.png,docs/images/bugfire-home.png,privacy-safe product screenshot,"Captured from local BUGFIRE demo",Repository documentation evidence,allowed,4b1913d97639acfaeecf016a6f56025bb19011420d40321420a6367732b27868,"Existing engineering evidence; not new AI-director evidence"
docs/images/bugfire-level-up.png,docs/images/bugfire-level-up.png,privacy-safe product screenshot,"Captured from local BUGFIRE demo",Repository documentation evidence,allowed,bc8c8602306bb39f363149ee0eab5490782ad14ded29b24fa9fc6a731c96bc22,"Existing engineering evidence; not new AI-director evidence"
docs/images/bugfire-pages-preview.png,docs/images/bugfire-pages-preview.png,PNG website screenshot,"First committed by the repository author in 157add6 as a GitHub Pages preview; its editable raster-production source was not retained","Repository-authored documentation composition under MIT; embedded BUGFIRE screenshots and the inherited hero remain subject to their own rows",allowed-with-attribution,b35099143af7f62c6db75f5682b512c17ad83ec1d04a686e0e27ee8695decf4c,"1440x1000; bounded claim based on commit history and visible local UI; not presented as AI-generation evidence"
docs/images/bugfire-pet-cabin.png,docs/images/bugfire-pet-cabin.png,privacy-safe product screenshot,"Captured from local BUGFIRE demo",Repository documentation evidence,allowed,b42d8fdef71d7c56ae1b3cacec2ddccfa23444d4d173226b7d99c43462aa0f75,"Existing engineering evidence; not new AI-director evidence"
docs/images/bugfire-social-card.png,docs/images/bugfire-social-card.png,PNG social card,"First committed by the repository author in 157add6 as the site social card; its editable raster-production source was not retained","Repository-authored documentation composition under MIT; embedded BUGFIRE screenshots and the inherited hero remain subject to their own rows",allowed-with-attribution,9958b29be104fc50da045a8008caa03886b0f9b5ce945445eb4fd47e397555de,"1200x630; bounded claim based on commit history and visible local UI; not presented as AI-generation evidence"
docs/images/bugfire-task.png,docs/images/bugfire-task.png,privacy-safe product screenshot,"Captured from local BUGFIRE demo",Repository documentation evidence,allowed,24fdf691e547b2721ffe342f271cb30a1f497eb11cafdfafcd126a0c58769215,"Existing engineering evidence; not new AI-director evidence"
docs/images/bugfire-video-cover.png,docs/images/bugfire-video-cover.png,PNG video cover,"First committed by the repository author in b4118e9 as the 75-second demo cover; its editable raster-production source was not retained","Repository-authored documentation composition under MIT; embedded BUGFIRE screenshots and the inherited hero remain subject to their own rows",allowed-with-attribution,90ba1707c1cf22a527dba9851e019e49dd60ec69655a9d6e7f0ba7ea777e09cc,"1920x1080; bounded claim based on commit history and visible local UI; not presented as Character Director evidence"
