platform_id	platform_name	tier	query_count	route_count	discovered_count	fetched_count	eligible_count	accepted_count	blocked_count	coverage_status	access_mode	last_checked_at	errors	fallback_used	notes	next_verification_step
csdn	CSDN	required	4	1	12	7	0	10	0	complete	No login for public articles	2026-08-26		no	worker-stage ledger; discovered/fetched do not imply curator acceptance	Periodic link, rule and version revalidation
wechat_official_accounts	微信公众号	required	2	1	0	0	0	0	15	blocked	Often requires WeChat login or anti-abuse verification	2026-08-26	OpenCLI daemon was healthy but Browser Bridge was disconnected; robots forbids generic automated article retrieval	no	worker-stage ledger; discovered/fetched do not imply curator acceptance	Ask user to connect the approved Chrome profile and open candidate articles manually
zhihu	知乎	required	14	1	15	15	0	12	0	complete	No login for the five public columns; login or a challenge must stop any further route	2026-08-26		no	worker-stage ledger; discovered/fetched do not imply curator acceptance	Periodic link, rule and version revalidation
xiaohongshu	小红书	required	6	1	5	5	0	5	0	partial	Required and may trigger QR/captcha	2026-08-30		no	worker-stage ledger; discovered/fetched do not imply curator acceptance	Keep bounded user-assisted canonical detail reads; do not automate search/retrieval or use comments/cards as evidence
weibo	微博	required	5	1	11	11	0	11	0	complete	No login for the three retained public details; login or captcha must stop the route	2026-08-29		no	worker-stage ledger; discovered/fetched do not imply curator acceptance	Periodic link, rule and version revalidation
douyin	抖音	required	3	1	1	1	0	1	0	partial	No login for the one retained detail; login captcha or risk-control gate must stop the route	2026-08-26		no	worker-stage ledger; discovered/fetched do not imply curator acceptance	Retain the Pi SDK video as metadata plus AI-generated chapter evidence and seek a human transcript before making transcript-level claims
x	X / Twitter	required	7	1	11	11	0	10	0	complete	Three public post details and two native Latest searches were visible without login; API access remains unconfigured	2026-08-26T12:42:00+08:00		no	worker-stage ledger; discovered/fetched do not imply curator acceptance	Periodic link, rule and version revalidation
bilibili	Bilibili	required	3	1	35	2	0	1	0	partial	No login for public video detail; normal user-assisted viewing may be needed for videos without public subtitles	2026-08-29		no	worker-stage ledger; discovered/fetched do not imply curator acceptance	Read the one exposed public subtitle track under normal platform rules or request user-assisted visible playback observation; keep all other rows worker_checked until equivalent evidence exists
juejin	掘金	required	4	1	11	11	0	11	0	complete	No login for the retained public posts	2026-08-26		no	worker-stage ledger; discovered/fetched do not imply curator acceptance	Periodic link, rule and version revalidation
youtube	YouTube	required	2	1	15	0	0	16	0	complete	Public video details are readable without login; Data API requires a Google project/key	2026-08-26T08:55:00+08:00		no	worker-stage ledger; discovered/fetched do not imply curator acceptance	Periodic link, rule and version revalidation
linuxdo	Linux.do	required	6	1	16	16	0	10	0	complete	No login for indexed public topics; some content may require account	2026-08-26		no	worker-stage ledger; discovered/fetched do not imply curator acceptance	Periodic link, rule and version revalidation
github	GitHub	required	2	1	42	22	0	22	0	complete	Public repositories are readable anonymously; this run used an authenticated gh session	2026-08-26T08:55:00+08:00		no	worker-stage ledger; discovered/fetched do not imply curator acceptance	Periodic link, rule and version revalidation
baidu_search	百度搜索	required	4	1	10	10	0	10	0	complete	Two native queries and ten public original pages were readable without login or CAPTCHA	2026-08-26		no	worker-stage ledger; discovered/fetched do not imply curator acceptance	Periodic link, rule and version revalidation
google_search	Google 搜索	required	2	1	10	10	0	10	0	complete	Two native queries and ten public original pages were readable without login or CAPTCHA; authorized API credentials remain unconfigured	2026-08-26T14:35:00+08:00		no	worker-stage ledger; discovered/fetched do not imply curator acceptance	Periodic link, rule and version revalidation
bing_search	Bing 搜索	required	2	1	10	10	0	10	0	complete	Two native queries and ten public original pages were readable without login or CAPTCHA	2026-08-26		no	worker-stage ledger; discovered/fetched do not imply curator acceptance	Periodic link, rule and version revalidation
toutiao	今日头条	required	8	1	7	7	0	10	0	complete	No login for the retained article; login captcha or risk-control gate must stop the route	2026-08-26		no	worker-stage ledger; discovered/fetched do not imply curator acceptance	Periodic link, rule and version revalidation
36kr	36氪	required	9	1	10	10	0	8	0	partial	No login for the five public articles; login or challenge must stop the route	2026-08-26		no	worker-stage ledger; discovered/fetched do not imply curator acceptance	Promote only unique content clusters and preserve source/syndication labels
infoq	InfoQ	required	12	1	11	10	0	10	0	complete	No login for the three public articles; login or challenge must stop the route	2026-08-26		no	worker-stage ledger; discovered/fetched do not imply curator acceptance	Periodic link, rule and version revalidation
segmentfault	SegmentFault	required	5	1	10	10	0	10	0	complete	No login for seven public articles	2026-08-26		no	worker-stage ledger; discovered/fetched do not imply curator acceptance	Periodic link, rule and version revalidation
oschina	开源中国	required	10	1	8	8	0	10	0	complete	No login for the three retained details; login or challenge must stop the route	2026-08-26		no	worker-stage ledger; discovered/fetched do not imply curator acceptance	Periodic link, rule and version revalidation
v2ex	V2EX	required	5	1	11	11	0	11	0	complete	No login for public topic detail/API v1; API v2 uses a Personal Access Token	2026-08-26T09:25:00+08:00		no	worker-stage ledger; discovered/fetched do not imply curator acceptance	Periodic link, rule and version revalidation
reddit	Reddit	required	2	1	10	10	0	10	0	complete	Ten public canonical threads and two native intents were readable without login; OAuth and a truthful User-Agent remain mandatory for API use	2026-08-26T12:42:00+08:00		no	worker-stage ledger; discovered/fetched do not imply curator acceptance	Periodic link, rule and version revalidation
hacker_news	Hacker News	required	4	1	24	18	0	19	0	complete	No login required for public stories/comments	2026-08-26T08:55:00+08:00		no	worker-stage ledger; discovered/fetched do not imply curator acceptance	Periodic link, rule and version revalidation
medium	Medium	required	7	1	12	9	0	10	0	complete	Ten public full-body story objects were read without login: seven through bounded canonical story views and three through public author RSS; member-only comparisons remained metadata-only and were not accepted	2026-08-29		no	worker-stage ledger; discovered/fetched do not imply curator acceptance	Periodic link, rule and version revalidation
linkedin	LinkedIn	required	6	1	11	9	0	10	0	complete	Six stable public share/UGC post details were guest-visible without login; one unresolved result remained metadata-only; approved API access is not configured	2026-08-26T12:42:00+08:00		no	worker-stage ledger; discovered/fetched do not imply curator acceptance	Periodic link, rule and version revalidation
kuaishou	快手	required	2	1	0	0	0	0	15	blocked	Required for useful search/readback	2026-08-26	No automated workaround or snippet substitution attempted	no	worker-stage ledger; discovered/fetched do not imply curator acceptance	Connect Chrome and let user handle login/captcha
wechat_channels	微信视频号	required	2	1	0	0	0	0	15	blocked	Required and may require QR verification	2026-08-26	No bypass attempted; no snippet-only candidates retained	no	worker-stage ledger; discovered/fetched do not imply curator acceptance	Ask user to complete QR verification and manually open candidates
tiktok	TikTok	required	0	1	0	0	0	0	0	partial	Research API requires application and approval; browser search may require login/region verification	2026-08-26T08:55:00+08:00		no	worker-stage ledger; discovered/fetched do not imply curator acceptance	Apply for Research API if eligible or connect Bridge and perform a normal read-only search
official_web	Official Web	required	7	1	19	19	0	19	0	complete	No login for the retained Pi, creator or DeepSeek Harness public pages	2026-08-29		no	worker-stage ledger; discovered/fetched do not imply curator acceptance	Periodic link, rule and version revalidation
npm	npm	required	6	1	22	22	0	20	0	complete	No login for public package metadata; private packages and publish/manage operations require authorized credentials	2026-08-26T09:25:00+08:00		no	worker-stage ledger; discovered/fetched do not imply curator acceptance	Periodic link, rule and version revalidation
devto	DEV.to	required	3	1	17	17	0	16	0	complete	Public articles are readable without login; API key is needed only for protected/write operations	2026-08-26T08:55:00+08:00		no	worker-stage ledger; discovered/fetched do not imply curator acceptance	Periodic link, rule and version revalidation
stackoverflow	Stack Overflow	required	6	1	0	0	0	0	0	partial	Public API supports anonymous reads; keys provide higher quota	2026-08-29		no	worker-stage ledger; discovered/fetched do not imply curator acceptance	Keep platform partial with a reproducible zero-result ledger; retry only when new exact-alias content is indexed
product_hunt	Product Hunt	required	4	1	4	3	0	3	0	partial	API requires an access token; browsing is public but deeper interaction requires login	2026-08-26T08:55:00+08:00		no	worker-stage ledger; discovered/fetched do not imply curator acceptance	Create a Product Hunt developer token for noncommercial research or manually search with Bridge
substack	Substack	required	9	1	11	10	0	10	0	complete	At least one retained public post was readable without login; Developer API access follows the API terms and restricted publications retain their normal gates	2026-08-26T12:30:00+08:00		no	worker-stage ledger; discovered/fetched do not imply curator acceptance	Periodic link, rule and version revalidation
arxiv_openreview	arXiv / OpenReview	required	7	1	11	11	0	11	0	complete	Public metadata and public manuscripts are readable without login; nonpublic OpenReview objects remain access-controlled	2026-08-26T08:55:00+08:00		no	worker-stage ledger; discovered/fetched do not imply curator acceptance	Periodic link, rule and version revalidation
gitee	Gitee	required	13	1	11	11	0	10	0	complete	No login for the two public roots read; a RELEASES.md blob route triggered security verification	2026-08-26		no	worker-stage ledger; discovered/fetched do not imply curator acceptance	Periodic link, rule and version revalidation
zenn	Zenn	required	6	1	10	10	0	10	0	complete	Public free articles are readable without login; account is needed for publishing, interaction, and paid content	2026-08-26T09:25:00+08:00		no	worker-stage ledger; discovered/fetched do not imply curator acceptance	Periodic link, rule and version revalidation
hackernoon	HackerNoon	required	5	1	3	3	0	3	0	partial	Public stories can be read without login; signup is only needed for writing or account features	2026-08-26T09:25:00+08:00		no	worker-stage ledger; discovered/fetched do not imply curator acceptance	Curator should re-read the known story as a user and use only authorized discovery/readback for additional stories
qiita	Qiita	required	5	1	16	16	0	16	0	complete	No login for public item reads and anonymous API GETs; OAuth/access token is needed for higher quota or private/user-associated data	2026-08-26T09:25:00+08:00		no	worker-stage ledger; discovered/fetched do not imply curator acceptance	Periodic link, rule and version revalidation
hashnode	Hashnode	required	11	1	10	6	0	6	5	blocked	Public articles may be readable without login, but Cloudflare may require JavaScript/cookies; API access may require an account/paid plan and authorization	2026-08-26T09:25:00+08:00	Terms limit API retrieval to owned/authorized publication data; the known adjacent article was previously judged too weak for Pi internals	no	worker-stage ledger; discovered/fetched do not imply curator acceptance	Open the known article in a normal browser, verify whether Pi is primary enough, and obtain owner authorization before any API use
note	note	required	5	1	11	10	0	10	0	complete	The retained free public notes were readable without login; restricted content or interaction may require normal login/payment	2026-08-26T09:25:00+08:00		no	worker-stage ledger; discovered/fetched do not imply curator acceptance	Periodic link, rule and version revalidation
huggingface	Hugging Face	required	2	1	10	10	0	10	0	complete	Public objects are anonymously readable; gated/private objects require an authorized read token	2026-08-26T08:55:00+08:00		no	worker-stage ledger; discovered/fetched do not imply curator acceptance	Periodic link, rule and version revalidation
bluesky	Bluesky	required	2	1	10	10	0	10	0	complete	Public AppView endpoints were readable without auth on 2026-08-29; authenticated requests would route through the user's PDS	2026-08-29		no	worker-stage ledger; discovered/fetched do not imply curator acceptance	Periodic link, rule and version revalidation
gitlab	GitLab	required	2	1	10	10	0	10	0	complete	Many public project endpoints work without auth; private data requires a token	2026-08-26T08:55:00+08:00		no	worker-stage ledger; discovered/fetched do not imply curator acceptance	Periodic link, rule and version revalidation
composio	Composio	required	7	1	15	15	0	15	0	complete	No login for public docs; API/product execution requires signup, an API key, and provider OAuth/connection authorization	2026-08-26T09:25:00+08:00		no	worker-stage ledger; discovered/fetched do not imply curator acceptance	Periodic link, rule and version revalidation
pypi	PyPI	required	5	1	15	0	0	15	0	complete	No login for the fifteen retained public project pages; account/token is required for publishing or private organization operations	2026-08-29		no	worker-stage ledger; discovered/fetched do not imply curator acceptance	Periodic link, rule and version revalidation
docker_hub	Docker Hub	required	7	1	10	6	0	10	0	complete	Public repository metadata is anonymously readable; private repositories require normal login/token and remain out of scope	2026-08-29		no	worker-stage ledger; discovered/fetched do not imply curator acceptance	Periodic link, rule and version revalidation
