query_id	platform_id	intent	query	planned_backend	actual_backend	executed_at	result_count	probe_result	notes
worker-csdn-csdn_exact_pi	csdn	csdn_exact_pi	csdn_exact_pi	Public article pages and external discovery; do not automate CSDN query URLs disallowed by robots	Public article pages and external discovery; do not automate CSDN query URLs disallowed by robots	2026-08-26	12	success	由已核验 worker 规则恢复；若平台规则未记录 query_intents，则不虚构执行记录。
worker-csdn-csdn_architecture_extensions	csdn	csdn_architecture_extensions	csdn_architecture_extensions	Public article pages and external discovery; do not automate CSDN query URLs disallowed by robots	Public article pages and external discovery; do not automate CSDN query URLs disallowed by robots	2026-08-26	12	success	由已核验 worker 规则恢复；若平台规则未记录 query_intents，则不虚构执行记录。
worker-wechat_official_accounts-wechat_exact_pi	wechat_official_accounts	wechat_exact_pi	wechat_exact_pi	Public OA landing pages only where robots permits; article discovery requires logged-in user browser	not_executed	not_executed	0	blocked	由已核验 worker 规则恢复；若平台规则未记录 query_intents，则不虚构执行记录。
worker-wechat_official_accounts-wechat_pi_dsh_compare	wechat_official_accounts	wechat_pi_dsh_compare	wechat_pi_dsh_compare	Public OA landing pages only where robots permits; article discovery requires logged-in user browser	not_executed	not_executed	0	blocked	由已核验 worker 规则恢复；若平台规则未记录 query_intents，则不虚构执行记录。
worker-zhihu-zhihu_exact_pi	zhihu	zhihu_exact_pi	zhihu_exact_pi	External exact-site discovery to already-known public zhuanlan canonical URLs; no automated Zhihu search or crawl	External exact-site discovery to already-known public zhuanlan canonical URLs; no automated Zhihu search or crawl	2026-08-26	5	partial_success	由已核验 worker 规则恢复；若平台规则未记录 query_intents，则不虚构执行记录。
worker-zhihu-zhihu_pi_architecture_runtime	zhihu	zhihu_pi_architecture_runtime	zhihu_pi_architecture_runtime	External exact-site discovery to already-known public zhuanlan canonical URLs; no automated Zhihu search or crawl	External exact-site discovery to already-known public zhuanlan canonical URLs; no automated Zhihu search or crawl	2026-08-26	5	partial_success	由已核验 worker 规则恢复；若平台规则未记录 query_intents，则不虚构执行记录。
worker-xiaohongshu-xhs_exact_pi	xiaohongshu	xhs_exact_pi	xhs_exact_pi	Logged-in user browser discovery only	Logged-in user browser discovery only	2026-08-30	5	partial	由已核验 worker 规则恢复；若平台规则未记录 query_intents，则不虚构执行记录。
worker-xiaohongshu-xhs_pi_dsh_tips	xiaohongshu	xhs_pi_dsh_tips	xhs_pi_dsh_tips	Logged-in user browser discovery only	Logged-in user browser discovery only	2026-08-30	5	partial	由已核验 worker 规则恢复；若平台规则未记录 query_intents，则不虚构执行记录。
worker-weibo-weibo_exact_pi	weibo	weibo_exact_pi	weibo_exact_pi	Bounded external exact-site discovery to known public /2/detail/ URLs and the current Weibo sitemap; no automated internal Weibo search	Bounded external exact-site discovery to known public /2/detail/ URLs and the current Weibo sitemap; no automated internal Weibo search	2026-08-29	3	partial_success	由已核验 worker 规则恢复；若平台规则未记录 query_intents，则不虚构执行记录。
worker-weibo-weibo_pi_ecosystem	weibo	weibo_pi_ecosystem	weibo_pi_ecosystem	Bounded external exact-site discovery to known public /2/detail/ URLs and the current Weibo sitemap; no automated internal Weibo search	Bounded external exact-site discovery to known public /2/detail/ URLs and the current Weibo sitemap; no automated internal Weibo search	2026-08-29	3	partial_success	由已核验 worker 规则恢复；若平台规则未记录 query_intents，则不虚构执行记录。
weibo-sitemap-pi-exact-20260829	weibo	weibo-sitemap-pi-exact-20260829	weibo-sitemap-pi-exact-20260829	Bounded external exact-site discovery to known public /2/detail/ URLs and the current Weibo sitemap; no automated internal Weibo search	Weibo sitemap /2/detail canonical discovery (bounded; no internal search automation)	2026-08-29	2	partial_success	由已核验 worker 规则恢复；若平台规则未记录 query_intents，则不虚构执行记录。
worker-douyin-douyin_exact_pi	douyin	douyin_exact_pi	douyin_exact_pi	Bounded external exact-site discovery to an already-known /video/ ID; no automated Douyin search or creator-list probing	Bounded external exact-site discovery to an already-known /video/ ID; no automated Douyin search or creator-list probing	2026-08-26	1	partial_success	由已核验 worker 规则恢复；若平台规则未记录 query_intents，则不虚构执行记录。
worker-douyin-douyin_pi_harness_tutorial	douyin	douyin_pi_harness_tutorial	douyin_pi_harness_tutorial	Bounded external exact-site discovery to an already-known /video/ ID; no automated Douyin search or creator-list probing	Bounded external exact-site discovery to an already-known /video/ ID; no automated Douyin search or creator-list probing	2026-08-26	1	partial_success	由已核验 worker 规则恢复；若平台规则未记录 query_intents，则不虚构执行记录。
x-latest-pi-coding-agent	x	x-latest-pi-coding-agent	x-latest-pi-coding-agent	Bounded user-visible native Latest search; approved X API only for separately authorized API use	native X Latest search	2026-08-26T12:42:00+08:00	2	Two native Latest intents and three canonical public post-detail readbacks succeeded without login or interaction	由已核验 worker 规则恢复；若平台规则未记录 query_intents，则不虚构执行记录。
x-latest-pi-coding-agent-extensions	x	x-latest-pi-coding-agent-extensions	x-latest-pi-coding-agent-extensions	Bounded user-visible native Latest search; approved X API only for separately authorized API use	native X Latest search	2026-08-26T12:42:00+08:00	1	Two native Latest intents and three canonical public post-detail readbacks succeeded without login or interaction	由已核验 worker 规则恢复；若平台规则未记录 query_intents，则不虚构执行记录。
worker-bilibili-exact_pi	bilibili	worker-bilibili-exact_pi	worker-bilibili-exact_pi	Anonymous public search metadata for discovery only	bili search + bili video	2026-08-29	18	All 35 public detail objects returned HTTP 200; 34 exposed no public subtitle track and one exposed a track that still needs transcript readback; none has auditable playback/transcript evidence, so accepted_count remains zero	由已核验 worker 规则恢复；若平台规则未记录 query_intents，则不虚构执行记录。
worker-bilibili-architecture_extensions	bilibili	worker-bilibili-architecture_extensions	worker-bilibili-architecture_extensions	Anonymous public search metadata for discovery only	bili search	2026-08-29	16	All 35 public detail objects returned HTTP 200; 34 exposed no public subtitle track and one exposed a track that still needs transcript readback; none has auditable playback/transcript evidence, so accepted_count remains zero	由已核验 worker 规则恢复；若平台规则未记录 query_intents，则不虚构执行记录。
juejin_exact_pi	juejin	juejin_exact_pi	juejin_exact_pi	External exact-site discovery to already-known public /post URLs; never automate Juejin search, /s/, creator, editor, account, or undocumented API routes	external exact-site discovery of public Juejin posts	2026-08-26	1	success	由已核验 worker 规则恢复；若平台规则未记录 query_intents，则不虚构执行记录。
juejin_architecture_extensions	juejin	juejin_architecture_extensions	juejin_architecture_extensions	External exact-site discovery to already-known public /post URLs; never automate Juejin search, /s/, creator, editor, account, or undocumented API routes	external exact-site discovery of public Juejin posts	2026-08-26	7	success	由已核验 worker 规则恢复；若平台规则未记录 query_intents，则不虚构执行记录。
linuxdo_exact_pi	linuxdo	linuxdo_exact_pi	linuxdo_exact_pi	External discovery only because /search is disallowed; canonical topic URLs	Google query site:linux.do/t/topic Pi Agent	2026-08-26	2	partial_success	由已核验 worker 规则恢复；若平台规则未记录 query_intents，则不虚构执行记录。
worker-linuxdo-linuxdo_pi_dsh_experience	linuxdo	linuxdo_pi_dsh_experience	linuxdo_pi_dsh_experience	External discovery only because /search is disallowed; canonical topic URLs	External discovery only because /search is disallowed; canonical topic URLs	2026-08-26	8	partial_success	由已核验 worker 规则恢复；若平台规则未记录 query_intents，则不虚构执行记录。
baidu-native-exact-pi-coding-agent	baidu_search	baidu-native-exact-pi-coding-agent	baidu-native-exact-pi-coding-agent	Bounded native Baidu Search web UI in the in-app browser; the named engine itself must execute both intents	baidu_search native web results in in-app browser	2026-08-26	4	Two native intents and ten canonical original-page readbacks succeeded without login, CAPTCHA or interaction	由已核验 worker 规则恢复；若平台规则未记录 query_intents，则不虚构执行记录。
baidu-native-pi-coding-agent-extensions	baidu_search	baidu-native-pi-coding-agent-extensions	baidu-native-pi-coding-agent-extensions	Bounded native Baidu Search web UI in the in-app browser; the named engine itself must execute both intents	baidu_search native web results for Pi extensions in in-app browser	2026-08-26	4	Two native intents and ten canonical original-page readbacks succeeded without login, CAPTCHA or interaction	由已核验 worker 规则恢复；若平台规则未记录 query_intents，则不虚构执行记录。
google-native-exact-pi-coding-agent	google_search	google-native-exact-pi-coding-agent	google-native-exact-pi-coding-agent	Bounded native Google Search web UI; an authorized Google search API only when separately configured	google_search native web results in in-app browser	2026-08-26T14:35:00+08:00	5	Two native Google intents rendered normally and ten globally distinct canonical original bodies/details were independently read	由已核验 worker 规则恢复；若平台规则未记录 query_intents，则不虚构执行记录。
google-native-earendil-works-pi-extensions	google_search	google-native-earendil-works-pi-extensions	google-native-earendil-works-pi-extensions	Bounded native Google Search web UI; an authorized Google search API only when separately configured	google_search native web results in in-app browser	2026-08-26T14:35:00+08:00	5	Two native Google intents rendered normally and ten globally distinct canonical original bodies/details were independently read	由已核验 worker 规则恢复；若平台规则未记录 query_intents，则不虚构执行记录。
bing-native-exact-pi-coding-agent	bing_search	bing-native-exact-pi-coding-agent	bing-native-exact-pi-coding-agent	Bounded native Bing Search web UI in the in-app browser; the named engine itself must execute both intents	bing_search native web results in in-app browser	2026-08-26	6	Two native intents and ten canonical original-page readbacks succeeded without login, CAPTCHA or interaction	由已核验 worker 规则恢复；若平台规则未记录 query_intents，则不虚构执行记录。
bing-native-pi-coding-agent-extensions	bing_search	bing-native-pi-coding-agent-extensions	bing-native-pi-coding-agent-extensions	Bounded native Bing Search web UI in the in-app browser; the named engine itself must execute both intents	bing_search native web results for Pi extensions in in-app browser	2026-08-26	4	Two native intents and ten canonical original-page readbacks succeeded without login, CAPTCHA or interaction	由已核验 worker 规则恢复；若平台规则未记录 query_intents，则不虚构执行记录。
worker-toutiao-toutiao_exact_pi	toutiao	toutiao_exact_pi	toutiao_exact_pi	Bounded external exact-site discovery to known /article/ URLs; never automate the disallowed Toutiao search route	Bounded external exact-site discovery to known /article/ URLs; never automate the disallowed Toutiao search route	2026-08-26	2	partial_success	由已核验 worker 规则恢复；若平台规则未记录 query_intents，则不虚构执行记录。
worker-toutiao-toutiao_pi_provider_practice	toutiao	toutiao_pi_provider_practice	toutiao_pi_provider_practice	Bounded external exact-site discovery to known /article/ URLs; never automate the disallowed Toutiao search route	Bounded external exact-site discovery to known /article/ URLs; never automate the disallowed Toutiao search route	2026-08-26	2	partial_success	由已核验 worker 规则恢复；若平台规则未记录 query_intents，则不虚构执行记录。
worker-36kr-36kr_exact_pi	36kr	36kr_exact_pi	36kr_exact_pi	External exact discovery to already-known public /p/ article URLs; do not automate /search	External exact discovery to already-known public /p/ article URLs; do not automate /search	2026-08-26	5	partial_success	由已核验 worker 规则恢复；若平台规则未记录 query_intents，则不虚构执行记录。
worker-36kr-36kr_pi_dsh_market	36kr	36kr_pi_dsh_market	36kr_pi_dsh_market	External exact discovery to already-known public /p/ article URLs; do not automate /search	External exact discovery to already-known public /p/ article URLs; do not automate /search	2026-08-26	5	partial_success	由已核验 worker 规则恢复；若平台规则未记录 query_intents，则不虚构执行记录。
worker-infoq-infoq_exact_pi	infoq	infoq_exact_pi	infoq_exact_pi	External exact discovery to already-known public article URLs; no internal search automation	External exact discovery to already-known public article URLs; no internal search automation	2026-08-26	3	partial_success	由已核验 worker 规则恢复；若平台规则未记录 query_intents，则不虚构执行记录。
worker-infoq-infoq_pi_dsh_benchmark	infoq	infoq_pi_dsh_benchmark	infoq_pi_dsh_benchmark	External exact discovery to already-known public article URLs; no internal search automation	External exact discovery to already-known public article URLs; no internal search automation	2026-08-26	3	partial_success	由已核验 worker 规则恢复；若平台规则未记录 query_intents，则不虚构执行记录。
segmentfault_exact_pi	segmentfault	segmentfault_exact_pi	segmentfault_exact_pi	External exact discovery to public article URLs; official robots path returned 404	Google query site:segmentfault.com/a Pi Agent	2026-08-26	1	partial_success	由已核验 worker 规则恢复；若平台规则未记录 query_intents，则不虚构执行记录。
segmentfault_pi_dsh_guide	segmentfault	segmentfault_pi_dsh_guide	segmentfault_pi_dsh_guide	External exact discovery to public article URLs; official robots path returned 404	Google query site:segmentfault.com/a Pi Agent	2026-08-26	1	partial_success	由已核验 worker 规则恢复；若平台规则未记录 query_intents，则不虚构执行记录。
worker-oschina-oschina_exact_pi	oschina	oschina_exact_pi	oschina_exact_pi	Bounded external exact-site discovery to known public blog/software details; never automate disallowed /search	Bounded external exact-site discovery to known public blog/software details; never automate disallowed /search	2026-08-26	3	partial_success	由已核验 worker 规则恢复；若平台规则未记录 query_intents，则不虚构执行记录。
worker-oschina-oschina_pi_dsh_compare	oschina	oschina_pi_dsh_compare	oschina_pi_dsh_compare	Bounded external exact-site discovery to known public blog/software details; never automate disallowed /search	Bounded external exact-site discovery to known public blog/software details; never automate disallowed /search	2026-08-26	3	partial_success	由已核验 worker 规则恢复；若平台规则未记录 query_intents，则不虚构执行记录。
worker-oschina-oschina_pi_ecosystem	oschina	oschina_pi_ecosystem	oschina_pi_ecosystem	Bounded external exact-site discovery to known public blog/software details; never automate disallowed /search	Bounded external exact-site discovery to known public blog/software details; never automate disallowed /search	2026-08-26	3	partial_success	由已核验 worker 规则恢复；若平台规则未记录 query_intents，则不虚构执行记录。
v2ex_exact_pi	v2ex	v2ex_exact_pi	v2ex_exact_pi	Public V2EX API topic lookup for known IDs plus external discovery; robots allows public topic pages but disallows backstage, sign-in, sign-out, and settings	Google exact-site query then V2EX public API	2026-08-26T09:25:00+08:00	2	GET /api/topics/show.json?id=1235481 returned HTTP 200 with public topic JSON and X-Rate-Limit-Limit 600	由已核验 worker 规则恢复；若平台规则未记录 query_intents，则不虚构执行记录。
v2ex_pi_practice	v2ex	v2ex_pi_practice	v2ex_pi_practice	Public V2EX API topic lookup for known IDs plus external discovery; robots allows public topic pages but disallows backstage, sign-in, sign-out, and settings	Google exact-site query then V2EX public API	2026-08-26T09:25:00+08:00	2	GET /api/topics/show.json?id=1235481 returned HTTP 200 with public topic JSON and X-Rate-Limit-Limit 600	由已核验 worker 规则恢复；若平台规则未记录 query_intents，则不虚构执行记录。
reddit-native-search-pi-coding-agent	reddit	reddit-native-search-pi-coding-agent	reddit-native-search-pi-coding-agent	Bounded public native search and subreddit feed; authorized Reddit Data API only for separately authorized API use	ordinary public Reddit community feed and native exact-project search in in-app browser	2026-08-26T12:42:00+08:00	5	Two native read-only intents and ten canonical thread-body readbacks succeeded; seven also supplied useful reply evidence	由已核验 worker 规则恢复；若平台规则未记录 query_intents，则不虚构执行记录。
reddit-native-search-pi-coding-agent-extensions	reddit	reddit-native-search-pi-coding-agent-extensions	reddit-native-search-pi-coding-agent-extensions	Bounded public native search and subreddit feed; authorized Reddit Data API only for separately authorized API use	ordinary public Reddit community feed plus native extension-intent search in in-app browser	2026-08-26T12:42:00+08:00	5	Two native read-only intents and ten canonical thread-body readbacks succeeded; seven also supplied useful reply evidence	由已核验 worker 规则恢复；若平台规则未记录 query_intents，则不虚构执行记录。
medium-native-search-pi-coding-agent	medium	medium-native-search-pi-coding-agent	medium-native-search-pi-coding-agent	Bounded ordinary user-visible Medium search plus known-author/tag RSS discovery; expressly authorized API/published interface only for scalable use	native Medium search	2026-08-29	3	Ten distinct Pi-primary public story bodies were independently read across canonical pages and public author RSS; the member-only comparison remained metadata-only and no paywall bypass or interaction occurred	由已核验 worker 规则恢复；若平台规则未记录 query_intents，则不虚构执行记录。
medium-native-search-pi-coding-agent-extensions	medium	medium-native-search-pi-coding-agent-extensions	medium-native-search-pi-coding-agent-extensions	Bounded ordinary user-visible Medium search plus known-author/tag RSS discovery; expressly authorized API/published interface only for scalable use	native Medium search	2026-08-29	3	Ten distinct Pi-primary public story bodies were independently read across canonical pages and public author RSS; the member-only comparison remained metadata-only and no paywall bypass or interaction occurred	由已核验 worker 规则恢复；若平台规则未记录 query_intents，则不虚构执行记录。
medium-rss-pi-extensions	medium	medium-rss-pi-extensions	medium-rss-pi-extensions	Bounded ordinary user-visible Medium search plus known-author/tag RSS discovery; expressly authorized API/published interface only for scalable use	Medium author RSS exact Pi article discovery	2026-08-29	1	Ten distinct Pi-primary public story bodies were independently read across canonical pages and public author RSS; the member-only comparison remained metadata-only and no paywall bypass or interaction occurred	由已核验 worker 规则恢复；若平台规则未记录 query_intents，则不虚构执行记录。
medium-rss-pi-practitioner-extensions	medium	medium-rss-pi-practitioner-extensions	medium-rss-pi-practitioner-extensions	Bounded ordinary user-visible Medium search plus known-author/tag RSS discovery; expressly authorized API/published interface only for scalable use	Medium author RSS tag exact Pi article discovery	2026-08-29	1	Ten distinct Pi-primary public story bodies were independently read across canonical pages and public author RSS; the member-only comparison remained metadata-only and no paywall bypass or interaction occurred	由已核验 worker 规则恢复；若平台规则未记录 query_intents，则不虚构执行记录。
medium-rss-pi-harness-architecture	medium	medium-rss-pi-harness-architecture	medium-rss-pi-harness-architecture	Bounded ordinary user-visible Medium search plus known-author/tag RSS discovery; expressly authorized API/published interface only for scalable use	Medium tag RSS exact Pi article discovery	2026-08-29	1	Ten distinct Pi-primary public story bodies were independently read across canonical pages and public author RSS; the member-only comparison remained metadata-only and no paywall bypass or interaction occurred	由已核验 worker 规则恢复；若平台规则未记录 query_intents，则不虚构执行记录。
linkedin-native-search-pi-coding-agent	linkedin	linkedin-native-search-pi-coding-agent	linkedin-native-search-pi-coding-agent	Bounded ordinary user-visible native search; approved LinkedIn API only for separately authorized API use	native LinkedIn search	2026-08-26T12:42:00+08:00	3	Two native intents produced six stable public share/UGC canonical detail readbacks and one unresolved metadata-only result; no engagement occurred	由已核验 worker 规则恢复；若平台规则未记录 query_intents，则不虚构执行记录。
linkedin-native-search-pi-coding-agent-extensions	linkedin	linkedin-native-search-pi-coding-agent-extensions	linkedin-native-search-pi-coding-agent-extensions	Bounded ordinary user-visible native search; approved LinkedIn API only for separately authorized API use	native LinkedIn search	2026-08-26T12:42:00+08:00	4	Two native intents produced six stable public share/UGC canonical detail readbacks and one unresolved metadata-only result; no engagement occurred	由已核验 worker 规则恢复；若平台规则未记录 query_intents，则不虚构执行记录。
worker-kuaishou-kuaishou_exact_pi	kuaishou	kuaishou_exact_pi	kuaishou_exact_pi	Logged-in user browser discovery; generic automated route not used	not_executed	not_executed	0	blocked	由已核验 worker 规则恢复；若平台规则未记录 query_intents，则不虚构执行记录。
worker-kuaishou-kuaishou_pi_harness_tutorial	kuaishou	kuaishou_pi_harness_tutorial	kuaishou_pi_harness_tutorial	Logged-in user browser discovery; generic automated route not used	not_executed	not_executed	0	blocked	由已核验 worker 规则恢复；若平台规则未记录 query_intents，则不虚构执行记录。
worker-wechat_channels-channels_exact_pi	wechat_channels	channels_exact_pi	channels_exact_pi	Only narrow public landing routes allowed; content discovery via authenticated WeChat browser	not_executed	not_executed	0	blocked	由已核验 worker 规则恢复；若平台规则未记录 query_intents，则不虚构执行记录。
worker-wechat_channels-channels_pi_dsh_compare	wechat_channels	channels_pi_dsh_compare	channels_pi_dsh_compare	Only narrow public landing routes allowed; content discovery via authenticated WeChat browser	not_executed	not_executed	0	blocked	由已核验 worker 规则恢复；若平台规则未记录 query_intents，则不虚构执行记录。
official-release-features	official_web	official-release-features	official-release-features	Navigate the frozen first-party domains directly and use their documentation, news/RSS, package, release and product indexes; external search may discover additional canonical first-party pages	pi.dev_public_news_rss	2026-08-29	11	Nineteen distinct first-party objects were re-read: pi.dev home/news, creator/official comparison pages and fifteen versioned Pi release pages; the 2026-08-29 release batch returned HTTP 200 with stable response hashes	由已核验 worker 规则恢复；若平台规则未记录 query_intents，则不虚构执行记录。
official-runtime-safety	official_web	official-runtime-safety	official-runtime-safety	Navigate the frozen first-party domains directly and use their documentation, news/RSS, package, release and product indexes; external search may discover additional canonical first-party pages	pi.dev_public_news_rss	2026-08-29	4	Nineteen distinct first-party objects were re-read: pi.dev home/news, creator/official comparison pages and fifteen versioned Pi release pages; the 2026-08-29 release batch returned HTTP 200 with stable response hashes	由已核验 worker 规则恢复；若平台规则未记录 query_intents，则不虚构执行记录。
worker-official_web-official_pi_docs_news	official_web	official_pi_docs_news	official_pi_docs_news	Navigate the frozen first-party domains directly and use their documentation, news/RSS, package, release and product indexes; external search may discover additional canonical first-party pages	Navigate the frozen first-party domains directly and use their documentation, news/RSS, package, release and product indexes; external search may discover additional canonical first-party pages	2026-08-29	19	Nineteen distinct first-party objects were re-read: pi.dev home/news, creator/official comparison pages and fifteen versioned Pi release pages; the 2026-08-29 release batch returned HTTP 200 with stable response hashes	由已核验 worker 规则恢复；若平台规则未记录 query_intents，则不虚构执行记录。
worker-official_web-official_creator_retrospectives	official_web	official_creator_retrospectives	official_creator_retrospectives	Navigate the frozen first-party domains directly and use their documentation, news/RSS, package, release and product indexes; external search may discover additional canonical first-party pages	Navigate the frozen first-party domains directly and use their documentation, news/RSS, package, release and product indexes; external search may discover additional canonical first-party pages	2026-08-29	19	Nineteen distinct first-party objects were re-read: pi.dev home/news, creator/official comparison pages and fifteen versioned Pi release pages; the 2026-08-29 release batch returned HTTP 200 with stable response hashes	由已核验 worker 规则恢复；若平台规则未记录 query_intents，则不虚构执行记录。
worker-official_web-official_dsh_compare	official_web	official_dsh_compare	official_dsh_compare	Navigate the frozen first-party domains directly and use their documentation, news/RSS, package, release and product indexes; external search may discover additional canonical first-party pages	Navigate the frozen first-party domains directly and use their documentation, news/RSS, package, release and product indexes; external search may discover additional canonical first-party pages	2026-08-29	19	Nineteen distinct first-party objects were re-read: pi.dev home/news, creator/official comparison pages and fifteen versioned Pi release pages; the 2026-08-29 release batch returned HTTP 200 with stable response hashes	由已核验 worker 规则恢复；若平台规则未记录 query_intents，则不虚构执行记录。
worker-npm-npm_official_scope	npm	npm_official_scope	npm_official_scope	Use npm CLI search/view or npm's publicly available registry APIs; do not automate the npm website	Use npm CLI search/view or npm's publicly available registry APIs; do not automate the npm website	2026-08-26T09:25:00+08:00	7	Registry package document for @earendil-works/pi-coding-agent returned HTTP 200 with public cache headers; npmjs.com/robots.txt returned HTTP 403 and was not used	由已核验 worker 规则恢复；若平台规则未记录 query_intents，则不虚构执行记录。
worker-npm-npm_pi_adapters	npm	npm_pi_adapters	npm_pi_adapters	Use npm CLI search/view or npm's publicly available registry APIs; do not automate the npm website	Use npm CLI search/view or npm's publicly available registry APIs; do not automate the npm website	2026-08-26T09:25:00+08:00	7	Registry package document for @earendil-works/pi-coding-agent returned HTTP 200 with public cache headers; npmjs.com/robots.txt returned HTTP 403 and was not used	由已核验 worker 规则恢复；若平台规则未记录 query_intents，则不虚构执行记录。
worker-stackoverflow-stackoverflow-exact-pi-coding-agent	stackoverflow	stackoverflow-exact-pi-coding-agent	stackoverflow-exact-pi-coding-agent	Stack Exchange API search/advanced with exact Pi aliases	Stack Exchange API search/advanced with exact Pi aliases	2026-08-29	0	Ten bounded exact-alias intents (four earlier plus six 2026-08-29 follow-ups) returned HTTP 200 with zero strictly relevant questions; generic Raspberry Pi, Mono and unrelated agent results were rejected	由已核验 worker 规则恢复；若平台规则未记录 query_intents，则不虚构执行记录。
worker-stackoverflow-stackoverflow-exact-pi-agent-core	stackoverflow	stackoverflow-exact-pi-agent-core	stackoverflow-exact-pi-agent-core	Stack Exchange API search/advanced with exact Pi aliases	Stack Exchange API search/advanced with exact Pi aliases	2026-08-29	0	Ten bounded exact-alias intents (four earlier plus six 2026-08-29 follow-ups) returned HTTP 200 with zero strictly relevant questions; generic Raspberry Pi, Mono and unrelated agent results were rejected	由已核验 worker 规则恢复；若平台规则未记录 query_intents，则不虚构执行记录。
worker-stackoverflow-stackoverflow-exact-earendil-works-pi	stackoverflow	stackoverflow-exact-earendil-works-pi	stackoverflow-exact-earendil-works-pi	Stack Exchange API search/advanced with exact Pi aliases	Stack Exchange API search/advanced with exact Pi aliases	2026-08-29	0	Ten bounded exact-alias intents (four earlier plus six 2026-08-29 follow-ups) returned HTTP 200 with zero strictly relevant questions; generic Raspberry Pi, Mono and unrelated agent results were rejected	由已核验 worker 规则恢复；若平台规则未记录 query_intents，则不虚构执行记录。
worker-stackoverflow-stackoverflow-exact-badlogic-pi-mono	stackoverflow	stackoverflow-exact-badlogic-pi-mono	stackoverflow-exact-badlogic-pi-mono	Stack Exchange API search/advanced with exact Pi aliases	Stack Exchange API search/advanced with exact Pi aliases	2026-08-29	0	Ten bounded exact-alias intents (four earlier plus six 2026-08-29 follow-ups) returned HTTP 200 with zero strictly relevant questions; generic Raspberry Pi, Mono and unrelated agent results were rejected	由已核验 worker 规则恢复；若平台规则未记录 query_intents，则不虚构执行记录。
worker-stackoverflow-stackoverflow-title-pi-coding-agent	stackoverflow	stackoverflow-title-pi-coding-agent	stackoverflow-title-pi-coding-agent	Stack Exchange API search/advanced with exact Pi aliases	Stack Exchange API search/advanced with exact Pi aliases	2026-08-29	0	Ten bounded exact-alias intents (four earlier plus six 2026-08-29 follow-ups) returned HTTP 200 with zero strictly relevant questions; generic Raspberry Pi, Mono and unrelated agent results were rejected	由已核验 worker 规则恢复；若平台规则未记录 query_intents，则不虚构执行记录。
worker-stackoverflow-stackoverflow-body-earendil-works	stackoverflow	stackoverflow-body-earendil-works	stackoverflow-body-earendil-works	Stack Exchange API search/advanced with exact Pi aliases	Stack Exchange API search/advanced with exact Pi aliases	2026-08-29	0	Ten bounded exact-alias intents (four earlier plus six 2026-08-29 follow-ups) returned HTTP 200 with zero strictly relevant questions; generic Raspberry Pi, Mono and unrelated agent results were rejected	由已核验 worker 规则恢复；若平台规则未记录 query_intents，则不虚构执行记录。
worker-gitee-gitee_pi_mirror	gitee	gitee_pi_mirror	gitee_pi_mirror	Known-object or external discovery to public repository roots only; avoid disallowed API raw tree commit archive and blob-detail automation	Known-object or external discovery to public repository roots only; avoid disallowed API raw tree commit archive and blob-detail automation	2026-08-26	2	partial_success	由已核验 worker 规则恢复；若平台规则未记录 query_intents，则不虚构执行记录。
worker-gitee-gitee_pi_productization	gitee	gitee_pi_productization	gitee_pi_productization	Known-object or external discovery to public repository roots only; avoid disallowed API raw tree commit archive and blob-detail automation	Known-object or external discovery to public repository roots only; avoid disallowed API raw tree commit archive and blob-detail automation	2026-08-26	2	partial_success	由已核验 worker 规则恢复；若平台规则未记录 query_intents，则不虚构执行记录。
worker-zenn-zenn_exact_pi	zenn	zenn_exact_pi	zenn_exact_pi	External discovery, Zenn sitemap, and author/publication pages; do not automate /search, which robots disallows	External discovery, Zenn sitemap, and author/publication pages; do not automate /search, which robots disallows	2026-08-26T09:25:00+08:00	1	robots and terms returned HTTP 200; known Pi article c619b3f3cabf4e returned HTTP 200 with author and publication metadata	由已核验 worker 规则恢复；若平台规则未记录 query_intents，则不虚构执行记录。
worker-zenn-zenn_pi_architecture	zenn	zenn_pi_architecture	zenn_pi_architecture	External discovery, Zenn sitemap, and author/publication pages; do not automate /search, which robots disallows	External discovery, Zenn sitemap, and author/publication pages; do not automate /search, which robots disallows	2026-08-26T09:25:00+08:00	1	robots and terms returned HTTP 200; known Pi article c619b3f3cabf4e returned HTTP 200 with author and publication metadata	由已核验 worker 规则恢复；若平台规则未记录 query_intents，则不虚构执行记录。
worker-hackernoon-hackernoon_exact_pi	hackernoon	hackernoon_exact_pi	hackernoon_exact_pi	Use permitted search-engine or user-triggered retrieval for discovery; the generic crawler user-agent is disallowed and must not be used for automated crawling	Use permitted search-engine or user-triggered retrieval for discovery; the generic crawler user-agent is disallowed and must not be used for automated crawling	2026-08-26T09:25:00+08:00	1	robots, terms, llms.txt, and the known Pi SSH-extension article returned HTTP 200, but generic automation is contractually disallowed	由已核验 worker 规则恢复；若平台规则未记录 query_intents，则不虚构执行记录。
worker-hackernoon-hackernoon_pi_extensions	hackernoon	hackernoon_pi_extensions	hackernoon_pi_extensions	Use permitted search-engine or user-triggered retrieval for discovery; the generic crawler user-agent is disallowed and must not be used for automated crawling	Use permitted search-engine or user-triggered retrieval for discovery; the generic crawler user-agent is disallowed and must not be used for automated crawling	2026-08-26T09:25:00+08:00	1	robots, terms, llms.txt, and the known Pi SSH-extension article returned HTTP 200, but generic automation is contractually disallowed	由已核验 worker 规则恢复；若平台规则未记录 query_intents，则不虚构执行记录。
worker-qiita-qiita_exact_pi	qiita	qiita_exact_pi	qiita_exact_pi	External discovery or bounded official API v2 GET /items queries; do not automate /search, /graphql, revisions, private routes, or markdown endpoints disallowed by robots	External discovery or bounded official API v2 GET /items queries; do not automate /search, /graphql, revisions, private routes, or markdown endpoints disallowed by robots	2026-08-26T09:25:00+08:00	1	GET /api/v2/items/414c2e1836df4d8e278d returned HTTP 200; headers reported Rate-Limit 60 and Rate-Remaining 54	由已核验 worker 规则恢复；若平台规则未记录 query_intents，则不虚构执行记录。
worker-qiita-qiita_pi_typescript	qiita	qiita_pi_typescript	qiita_pi_typescript	External discovery or bounded official API v2 GET /items queries; do not automate /search, /graphql, revisions, private routes, or markdown endpoints disallowed by robots	External discovery or bounded official API v2 GET /items queries; do not automate /search, /graphql, revisions, private routes, or markdown endpoints disallowed by robots	2026-08-26T09:25:00+08:00	1	GET /api/v2/items/414c2e1836df4d8e278d returned HTTP 200; headers reported Rate-Limit 60 and Rate-Remaining 54	由已核验 worker 规则恢复；若平台规则未记录 query_intents，则不虚构执行记录。
worker-hashnode-hashnode_exact_pi	hashnode	hashnode_exact_pi	hashnode_exact_pi	Use external discovery, publication sitemaps, or ordinary public article pages; do not crawl /api or private dashboard/profile/draft routes	Use external discovery, publication sitemaps, or ordinary public article pages; do not crawl /api or private dashboard/profile/draft routes	2026-08-26T09:25:00+08:00	0	robots and terms returned HTTP 200; the known plzai article returned HTTP 403 JavaScript/cookie challenge and the former API-doc domain failed TLS	由已核验 worker 规则恢复；若平台规则未记录 query_intents，则不虚构执行记录。
worker-hashnode-hashnode_pi_orchestration	hashnode	hashnode_pi_orchestration	hashnode_pi_orchestration	Use external discovery, publication sitemaps, or ordinary public article pages; do not crawl /api or private dashboard/profile/draft routes	Use external discovery, publication sitemaps, or ordinary public article pages; do not crawl /api or private dashboard/profile/draft routes	2026-08-26T09:25:00+08:00	0	robots and terms returned HTTP 200; the known plzai article returned HTTP 403 JavaScript/cookie challenge and the former API-doc domain failed TLS	由已核验 worker 规则恢复；若平台规则未记录 query_intents，则不虚构执行记录。
note-pi-setup	note	note-pi-setup	note-pi-setup	Use external exact-alias discovery or already-known direct public note URLs; never automate robots-disallowed /search or /api routes	external exact-alias discovery	2026-08-26T09:25:00+08:00	2	robots was read; the official Terms link redirected to a help-center response not independently readable from this network; eleven free public bodies were read with visible title creator and date	由已核验 worker 规则恢复；若平台规则未记录 query_intents，则不虚构执行记录。
note-pi-design	note	note-pi-design	note-pi-design	Use external exact-alias discovery or already-known direct public note URLs; never automate robots-disallowed /search or /api routes	external exact-alias discovery	2026-08-26T09:25:00+08:00	4	robots was read; the official Terms link redirected to a help-center response not independently readable from this network; eleven free public bodies were read with visible title creator and date	由已核验 worker 规则恢复；若平台规则未记录 query_intents，则不虚构执行记录。
note-pi-extensions	note	note-pi-extensions	note-pi-extensions	Use external exact-alias discovery or already-known direct public note URLs; never automate robots-disallowed /search or /api routes	external exact-alias discovery	2026-08-26T09:25:00+08:00	3	robots was read; the official Terms link redirected to a help-center response not independently readable from this network; eleven free public bodies were read with visible title creator and date	由已核验 worker 规则恢复；若平台规则未记录 query_intents，则不虚构执行记录。
note-pi-ecosystem	note	note-pi-ecosystem	note-pi-ecosystem	Use external exact-alias discovery or already-known direct public note URLs; never automate robots-disallowed /search or /api routes	external_search_exact_alias_then_direct_url	2026-08-26T09:25:00+08:00	1	robots was read; the official Terms link redirected to a help-center response not independently readable from this network; eleven free public bodies were read with visible title creator and date	由已核验 worker 规则恢复；若平台规则未记录 query_intents，则不虚构执行记录。
note-pi-practitioner-fork	note	note-pi-practitioner-fork	note-pi-practitioner-fork	Use external exact-alias discovery or already-known direct public note URLs; never automate robots-disallowed /search or /api routes	Google named search exact site query	2026-08-26T09:25:00+08:00	1	robots was read; the official Terms link redirected to a help-center response not independently readable from this network; eleven free public bodies were read with visible title creator and date	由已核验 worker 规则恢复；若平台规则未记录 query_intents，则不虚构执行记录。
bluesky-appview-search-pi-coding-agent	bluesky	bluesky-appview-search-pi-coding-agent	bluesky-appview-search-pi-coding-agent	Bounded public AppView app.bsky.feed.searchPosts with exact Pi intents; authenticated PDS routes remain unnecessary for public reads	Bluesky public AppView searchPosts (bluesky-appview-search-pi-coding-agent)	2026-08-29	6	Two public AppView search intents returned HTTP 200 and ten unique posts were independently re-read through getPosts/getPostThread at HTTP 200; the earlier regional 403 remains historical evidence, not the current state	由已核验 worker 规则恢复；若平台规则未记录 query_intents，则不虚构执行记录。
bluesky-appview-search-pi-coding-agent-extensions	bluesky	bluesky-appview-search-pi-coding-agent-extensions	bluesky-appview-search-pi-coding-agent-extensions	Bounded public AppView app.bsky.feed.searchPosts with exact Pi intents; authenticated PDS routes remain unnecessary for public reads	Bluesky public AppView searchPosts (bluesky-appview-search-pi-coding-agent-extensions)	2026-08-29	4	Two public AppView search intents returned HTTP 200 and ten unique posts were independently re-read through getPosts/getPostThread at HTTP 200; the earlier regional 403 remains historical evidence, not the current state	由已核验 worker 规则恢复；若平台规则未记录 query_intents，则不虚构执行记录。
worker-composio-composio_pi_examples	composio	composio_pi_examples	composio_pi_examples	Use the public documentation index, sitemap, llms.txt, and examples; do not data-mine the commercial platform	Use the public documentation index, sitemap, llms.txt, and examples; do not data-mine the commercial platform	2026-08-26T09:25:00+08:00	1	Docs robots, llms.txt, Terms, and the general-agent-with-pi example returned HTTP 200; no API key or OAuth flow was invoked	由已核验 worker 规则恢复；若平台规则未记录 query_intents，则不虚构执行记录。
worker-composio-composio_pi_integrations	composio	composio_pi_integrations	composio_pi_integrations	Use the public documentation index, sitemap, llms.txt, and examples; do not data-mine the commercial platform	Use the public documentation index, sitemap, llms.txt, and examples; do not data-mine the commercial platform	2026-08-26T09:25:00+08:00	1	Docs robots, llms.txt, Terms, and the general-agent-with-pi example returned HTTP 200; no API key or OAuth flow was invoked	由已核验 worker 规则恢复；若平台规则未记录 query_intents，则不虚构执行记录。
pypi-python-ports	pypi	pypi-python-ports	pypi-python-ports	Use external or upstream discovery for known package names, then canonical project pages; robots disallows PyPI /search, JSON API paths and /simple for crawlers, so do not bulk crawl them	github_code_exact_upstream_reference_then_pypi_project_lookup	2026-08-29	5	Fifteen distinct canonical PyPI project pages were anonymously re-read after the normal client-challenge wait; all explicitly name or link the Pi runtime family, and no distribution was downloaded, installed or executed	由已核验 worker 规则恢复；若平台规则未记录 query_intents，则不虚构执行记录。
pypi-runtime-components	pypi	pypi-runtime-components	pypi-runtime-components	Use external or upstream discovery for known package names, then canonical project pages; robots disallows PyPI /search, JSON API paths and /simple for crawlers, so do not bulk crawl them	github_code_exact_upstream_reference_then_pypi_project_lookup	2026-08-29	10	Fifteen distinct canonical PyPI project pages were anonymously re-read after the normal client-challenge wait; all explicitly name or link the Pi runtime family, and no distribution was downloaded, installed or executed	由已核验 worker 规则恢复；若平台规则未记录 query_intents，则不虚构执行记录。
worker-pypi-pypi-followup-canonical-project-pages-20260829	pypi	pypi-followup-canonical-project-pages-20260829	pypi-followup-canonical-project-pages-20260829	Use external or upstream discovery for known package names, then canonical project pages; robots disallows PyPI /search, JSON API paths and /simple for crawlers, so do not bulk crawl them	Use external or upstream discovery for known package names, then canonical project pages; robots disallows PyPI /search, JSON API paths and /simple for crawlers, so do not bulk crawl them	2026-08-29	15	Fifteen distinct canonical PyPI project pages were anonymously re-read after the normal client-challenge wait; all explicitly name or link the Pi runtime family, and no distribution was downloaded, installed or executed	由已核验 worker 规则恢复；若平台规则未记录 query_intents，则不虚构执行记录。
worker-pypi-pypi-canonical-encyc-component-pages	pypi	pypi-canonical-encyc-component-pages	pypi-canonical-encyc-component-pages	Use external or upstream discovery for known package names, then canonical project pages; robots disallows PyPI /search, JSON API paths and /simple for crawlers, so do not bulk crawl them	Use external or upstream discovery for known package names, then canonical project pages; robots disallows PyPI /search, JSON API paths and /simple for crawlers, so do not bulk crawl them	2026-08-29	15	Fifteen distinct canonical PyPI project pages were anonymously re-read after the normal client-challenge wait; all explicitly name or link the Pi runtime family, and no distribution was downloaded, installed or executed	由已核验 worker 规则恢复；若平台规则未记录 query_intents，则不虚构执行记录。
worker-pypi-pypi-canonical-hspk-component-pages	pypi	pypi-canonical-hspk-component-pages	pypi-canonical-hspk-component-pages	Use external or upstream discovery for known package names, then canonical project pages; robots disallows PyPI /search, JSON API paths and /simple for crawlers, so do not bulk crawl them	Use external or upstream discovery for known package names, then canonical project pages; robots disallows PyPI /search, JSON API paths and /simple for crawlers, so do not bulk crawl them	2026-08-29	15	Fifteen distinct canonical PyPI project pages were anonymously re-read after the normal client-challenge wait; all explicitly name or link the Pi runtime family, and no distribution was downloaded, installed or executed	由已核验 worker 规则恢复；若平台规则未记录 query_intents，则不虚构执行记录。
docker-exact-alias	docker_hub	docker-exact-alias	docker-exact-alias	Bounded Docker Hub public repository search API with exact Pi, agent, harness and sandbox aliases	official_docker_hub_exact_alias_search	2026-08-29	4	Ten unique repository objects were probed; all have public detail/tag metadata, six have substantive overview/provenance readback, five image repositories satisfy acceptance, four descriptionless exact-name images remain provenance-blocked, and sbx/pi-kit is an OCI kit artifact outside the image quota	由已核验 worker 规则恢复；若平台规则未记录 query_intents，则不虚构执行记录。
docker-harness-alias	docker_hub	docker-harness-alias	docker-harness-alias	Bounded Docker Hub public repository search API with exact Pi, agent, harness and sandbox aliases	official_docker_hub_exact_alias_search	2026-08-29	1	Ten unique repository objects were probed; all have public detail/tag metadata, six have substantive overview/provenance readback, five image repositories satisfy acceptance, four descriptionless exact-name images remain provenance-blocked, and sbx/pi-kit is an OCI kit artifact outside the image quota	由已核验 worker 规则恢复；若平台规则未记录 query_intents，则不虚构执行记录。
docker-pi-agent-overview	docker_hub	docker-pi-agent-overview	docker-pi-agent-overview	Bounded Docker Hub public repository search API with exact Pi, agent, harness and sandbox aliases	official Docker Hub public repository search API exact pi-agent alias	2026-08-29	1	Ten unique repository objects were probed; all have public detail/tag metadata, six have substantive overview/provenance readback, five image repositories satisfy acceptance, four descriptionless exact-name images remain provenance-blocked, and sbx/pi-kit is an OCI kit artifact outside the image quota	由已核验 worker 规则恢复；若平台规则未记录 query_intents，则不虚构执行记录。
docker-pi-sandbox	docker_hub	docker-pi-sandbox	docker-pi-sandbox	Bounded Docker Hub public repository search API with exact Pi, agent, harness and sandbox aliases	official Docker Hub public repository search API exact pi.dev sandbox alias	2026-08-29	1	Ten unique repository objects were probed; all have public detail/tag metadata, six have substantive overview/provenance readback, five image repositories satisfy acceptance, four descriptionless exact-name images remain provenance-blocked, and sbx/pi-kit is an OCI kit artifact outside the image quota	由已核验 worker 规则恢复；若平台规则未记录 query_intents，则不虚构执行记录。
docker-pi-agent-alias	docker_hub	docker-pi-agent-alias	docker-pi-agent-alias	Bounded Docker Hub public repository search API with exact Pi, agent, harness and sandbox aliases	official Docker Hub public repository search API exact pi-agent alias	2026-08-29	1	Ten unique repository objects were probed; all have public detail/tag metadata, six have substantive overview/provenance readback, five image repositories satisfy acceptance, four descriptionless exact-name images remain provenance-blocked, and sbx/pi-kit is an OCI kit artifact outside the image quota	由已核验 worker 规则恢复；若平台规则未记录 query_intents，则不虚构执行记录。
docker-pi-sandbox-image	docker_hub	docker-pi-sandbox-image	docker-pi-sandbox-image	Bounded Docker Hub public repository search API with exact Pi, agent, harness and sandbox aliases	official Docker Hub public repository search API exact pi image alias	2026-08-29	1	Ten unique repository objects were probed; all have public detail/tag metadata, six have substantive overview/provenance readback, five image repositories satisfy acceptance, four descriptionless exact-name images remain provenance-blocked, and sbx/pi-kit is an OCI kit artifact outside the image quota	由已核验 worker 规则恢复；若平台规则未记录 query_intents，则不虚构执行记录。
cn-gap-36kr-pi-open-source-20260830	36kr	20260830	20260830	ordinary public Google exact-site search in Chrome (site:36kr.com/p + Pi Agent/open-source intent)	ordinary public Google exact-site search in Chrome (site:36kr.com/p + Pi Agent/open-source intent)	2026-08-30	1	success	从冻结 worker 候选的 provenance/query_id 恢复；条目仍需主策展复核。
36kr-pi-deepseek-cache-20260829	36kr	20260829	20260829	bounded Bing/360 public result with exact title	bounded Bing/360 public result with exact title	2026-08-29	1	success	从冻结 worker 候选的 provenance/query_id 恢复；条目仍需主策展复核。
36kr-google-pi-agent-36kr-20260830	36kr	20260830	20260830	"ordinary Google public search (query: ""Pi Agent"" ""36氪"")"	"ordinary Google public search (query: ""Pi Agent"" ""36氪"")"	2026-08-30	1	success	从冻结 worker 候选的 provenance/query_id 恢复；条目仍需主策展复核。
china-scarce-36kr-prime-agent-20260830	36kr	20260830	20260830	bounded external exact-site discovery by china-scarce worker	bounded external exact-site discovery by china-scarce worker	2026-08-30	1	success	从冻结 worker 候选的 provenance/query_id 恢复；条目仍需主策展复核。
china-scarce-36kr-token-blackbox-20260830	36kr	20260830	20260830	bounded external exact-site discovery by china-scarce worker	bounded external exact-site discovery by china-scarce worker	2026-08-30	1	success	从冻结 worker 候选的 provenance/query_id 恢复；条目仍需主策展复核。
worker-36kr-architecture_extensions	36kr	architecture_extensions	architecture_extensions	public original page	public original page	2026-08-26	3	success	从冻结 worker 候选的 provenance/query_id 恢复；条目仍需主策展复核。
worker-36kr-exact_pi	36kr	exact_pi	exact_pi	public original page	public original page	2026-08-26	2	success	从冻结 worker 候选的 provenance/query_id 恢复；条目仍需主策展复核。
arxiv-new-pi-harness-20260829	arxiv_openreview	20260829	20260829	official arXiv Atom/search bounded query (new URL absent from current queue)	official arXiv Atom/search bounded query (new URL absent from current queue)	2026-08-29	3	success	从冻结 worker 候选的 provenance/query_id 恢复；条目仍需主策展复核。
arxiv-pi-domain-benchmarks-20260829	arxiv_openreview	20260829	20260829	official arXiv HTML search candidate followed by official Atom exact-ID lookup for 2605.28065	official arXiv HTML search candidate followed by official Atom exact-ID lookup for 2605.28065	2026-08-29	3	success	从冻结 worker 候选的 provenance/query_id 恢复；条目仍需主策展复核。
arxiv-brainpilot-pi-20260829	arxiv_openreview	20260829	20260829	official arXiv Atom API exact-ID lookup after bounded Pi-agent query	official arXiv Atom API exact-ID lookup after bounded Pi-agent query	2026-08-29	1	success	从冻结 worker 候选的 provenance/query_id 恢复；条目仍需主策展复核。
arxiv-2608-01347-pi-harness-20260829	arxiv_openreview	20260829	20260829	official arXiv API search_query=id:2608.01347 (bounded exact-ID lookup)	official arXiv API search_query=id:2608.01347 (bounded exact-ID lookup)	2026-08-29	1	success	从冻结 worker 候选的 provenance/query_id 恢复；条目仍需主策展复核。
arxiv-agent-harness-pi	arxiv_openreview	pi	pi	official arXiv Atom API bounded agent-harness query	official arXiv Atom API bounded agent-harness query	2026-08-26	1	success	从冻结 worker 候选的 provenance/query_id 恢复；条目仍需主策展复核。
arxiv-pi-harness-rl	arxiv_openreview	rl	rl	official arXiv Atom API bounded pi-harness query	official arXiv Atom API bounded pi-harness query	2026-08-26	1	success	从冻结 worker 候选的 provenance/query_id 恢复；条目仍需主策展复核。
worker-arxiv_openreview-exact_pi	arxiv_openreview	exact_pi	exact_pi	DDG discovery + Jina Reader arXiv original	DDG discovery + Jina Reader arXiv original	2026-08-26	1	success	从冻结 worker 候选的 provenance/query_id 恢复；条目仍需主策展复核。
baidu-native-pi-security-containment	baidu_search	containment	containment	baidu_search native web results in in-app browser	baidu_search native web results in in-app browser	2026-08-26	1	success	从冻结 worker 候选的 provenance/query_id 恢复；条目仍需主策展复核。
baidu-native-build-coding-agent	baidu_search	agent	agent	baidu_search native web results in in-app browser	baidu_search native web results in in-app browser	2026-08-26	1	success	从冻结 worker 候选的 provenance/query_id 恢复；条目仍需主策展复核。
bilibili-followup-pi-architecture-20260830	bilibili	20260830	20260830	bilibili native search result followed by canonical video page	bilibili native search result followed by canonical video page	2026-08-30	1	success	从冻结 worker 候选的 provenance/query_id 恢复；条目仍需主策展复核。
composio-pi-docs	composio	docs	docs	composio_public_llms_txt_and_sitemap	composio_public_llms_txt_and_sitemap	2026-08-26	2	success	从冻结 worker 候选的 provenance/query_id 恢复；条目仍需主策展复核。
composio-harness-benchmarks	composio	benchmarks	benchmarks	external_exact_alias_discovery	external_exact_alias_discovery	2026-08-26	2	success	从冻结 worker 候选的 provenance/query_id 恢复；条目仍需主策展复核。
composio-pi-comparisons	composio	comparisons	comparisons	external_exact_alias_discovery	external_exact_alias_discovery	2026-08-26	2	success	从冻结 worker 候选的 provenance/query_id 恢复；条目仍需主策展复核。
composio-pi-extensions	composio	extensions	extensions	external_exact_alias_discovery	external_exact_alias_discovery	2026-08-26	2	success	从冻结 worker 候选的 provenance/query_id 恢复；条目仍需主策展复核。
composio-pi-toolkit-integrations	composio	integrations	integrations	external_exact_alias_discovery	external_exact_alias_discovery	2026-08-26	7	success	从冻结 worker 候选的 provenance/query_id 恢复；条目仍需主策展复核。
worker-csdn-architecture_extensions	csdn	architecture_extensions	architecture_extensions	public original page	public original page	2026-08-26	6	success	从冻结 worker 候选的 provenance/query_id 恢复；条目仍需主策展复核。
worker-csdn-exact_pi	csdn	exact_pi	exact_pi	public original page	public original page	2026-08-26	6	success	从冻结 worker 候选的 provenance/query_id 恢复；条目仍需主策展复核。
devto-workflows-ecosystem	devto	ecosystem	ecosystem	DEV public Algolia workflows query	DEV public Algolia workflows query	2026-08-26	11	success	从冻结 worker 候选的 provenance/query_id 恢复；条目仍需主策展复核。
devto-exact-project	devto	project	project	DEV public Algolia exact-project query	DEV public Algolia exact-project query	2026-08-26	5	success	从冻结 worker 候选的 provenance/query_id 恢复；条目仍需主策展复核。
worker-devto-architecture_ecosystem	devto	architecture_ecosystem	architecture_ecosystem	Jina Reader original	Jina Reader original	2026-08-26	1	success	从冻结 worker 候选的 provenance/query_id 恢复；条目仍需主策展复核。
docker-pi-sandbox-kit	docker_hub	kit	kit	official Docker Hub public repository search API exact pi kit alias	official Docker Hub public repository search API exact pi kit alias	2026-08-29	1	success	从冻结 worker 候选的 provenance/query_id 恢复；条目仍需主策展复核。
china-public-douyin-pi-sdk	douyin	sdk	sdk	bounded external exact-site discovery; no Douyin internal search automation	bounded external exact-site discovery; no Douyin internal search automation	2026-08-26	1	success	从冻结 worker 候选的 provenance/query_id 恢复；条目仍需主策展复核。
gitee-pi-mirror	gitee	mirror	mirror	Known-object Gitee exact upstream-mirror intent	Known-object Gitee exact upstream-mirror intent	2026-08-26	1	success	从冻结 worker 候选的 provenance/query_id 恢复；条目仍需主策展复核。
gitee-pi-productization	gitee	productization	productization	Known-object Gitee Pi productization intent	Known-object Gitee Pi productization intent	2026-08-26	1	success	从冻结 worker 候选的 provenance/query_id 恢复；条目仍需主策展复核。
gitee-public-gap-pi-java-20260829	gitee	20260829	20260829	Gitee public search exact query pi-agent / Pi 编程 Agent, followed by direct repository-root readback	Gitee public search exact query pi-agent / Pi 编程 Agent, followed by direct repository-root readback	2026-08-29	1	success	从冻结 worker 候选的 provenance/query_id 恢复；条目仍需主策展复核。
gitee-pi-workspace-codeg-20260830	gitee	20260830	20260830	bounded public Brave exact-site discovery (site:gitee.com Pi coding agent) followed by direct Gitee repository-root lookup; no login or interaction	bounded public Brave exact-site discovery (site:gitee.com Pi coding agent) followed by direct Gitee repository-root lookup; no login or interaction	2026-08-30	1	success	从冻结 worker 候选的 provenance/query_id 恢复；条目仍需主策展复核。
gitee-public-gap-jmc12138-ccswitch-20260830	gitee	20260830	20260830	bounded Google exact-site discovery for site:gitee.com pi-coding-agent, followed by direct public Gitee repository-root readback	bounded Google exact-site discovery for site:gitee.com pi-coding-agent, followed by direct public Gitee repository-root readback	2026-08-30	1	success	从冻结 worker 候选的 provenance/query_id 恢复；条目仍需主策展复核。
gitee-public-gap-jmc12138-pi-20260830	gitee	20260830	20260830	bounded Google exact-site discovery for site:gitee.com pi-coding-agent, followed by direct public Gitee repository-root readback	bounded Google exact-site discovery for site:gitee.com pi-coding-agent, followed by direct public Gitee repository-root readback	2026-08-30	1	success	从冻结 worker 候选的 provenance/query_id 恢复；条目仍需主策展复核。
gitee-public-gap-jmc12138-hide-tools-20260830	gitee	20260830	20260830	bounded Google exact-site discovery for site:gitee.com pi-coding-agent, followed by direct public Gitee repository-root readback	bounded Google exact-site discovery for site:gitee.com pi-coding-agent, followed by direct public Gitee repository-root readback	2026-08-30	1	success	从冻结 worker 候选的 provenance/query_id 恢复；条目仍需主策展复核。
gitee-public-gap-pi-desktop-20260829	gitee	20260829	20260829	Gitee public search exact query Pi 编程 Agent, followed by direct repository-root readback	Gitee public search exact query Pi 编程 Agent, followed by direct repository-root readback	2026-08-29	1	success	从冻结 worker 候选的 provenance/query_id 恢复；条目仍需主策展复核。
gitee-public-gap-small-leaf-product-20260829	gitee	20260829	20260829	Gitee public search exact query pi-agent / Pi 编程 Agent, followed by direct repository-root readback	Gitee public search exact query pi-agent / Pi 编程 Agent, followed by direct repository-root readback	2026-08-29	1	success	从冻结 worker 候选的 provenance/query_id 恢复；条目仍需主策展复核。
gitee-native-search-pi-agent-20260830	gitee	20260830	20260830	bounded Gitee native repository search for Pi Agent followed by direct public repository-root lookup	bounded Gitee native repository search for Pi Agent followed by direct public repository-root lookup	2026-08-30	1	success	从冻结 worker 候选的 provenance/query_id 恢复；条目仍需主策展复核。
worker-gitee-architecture_extensions	gitee	architecture_extensions	architecture_extensions	public original page	public original page	2026-08-26	1	success	从冻结 worker 候选的 provenance/query_id 恢复；条目仍需主策展复核。
worker-github-exact_pi	github	exact_pi	exact_pi	gh repo view + gh api	gh repo view + gh api	2026-08-26	22	success	从冻结 worker 候选的 provenance/query_id 恢复；条目仍需主策展复核。
worker-github-architecture_ecosystem	github	architecture_ecosystem	architecture_ecosystem	gh api readme	gh api readme	2026-08-26	20	success	从冻结 worker 候选的 provenance/query_id 恢复；条目仍需主策展复核。
gitlab-pi-extensions-runtime	gitlab	runtime	runtime	GitLab public Projects API exact pi-coding-agent search	GitLab public Projects API exact pi-coding-agent search	2026-08-26	6	success	从冻结 worker 候选的 provenance/query_id 恢复；条目仍需主策展复核。
gitlab-pi-deployment-products	gitlab	products	products	GitLab public Projects API exact pi-coding-agent search	GitLab public Projects API exact pi-coding-agent search	2026-08-26	4	success	从冻结 worker 候选的 provenance/query_id 恢复；条目仍需主策展复核。
hn-architecture-practice	hacker_news	practice	practice	HN Algolia architecture query	HN Algolia architecture query	2026-08-26	14	success	从冻结 worker 候选的 provenance/query_id 恢复；条目仍需主策展复核。
hn-exact-project	hacker_news	project	project	HN Algolia exact-project query	HN Algolia exact-project query	2026-08-26	4	success	从冻结 worker 候选的 provenance/query_id 恢复；条目仍需主策展复核。
worker-hacker_news-exact_pi	hacker_news	exact_pi	exact_pi	opencli hackernews search	opencli hackernews search	2026-08-26	4	success	从冻结 worker 候选的 provenance/query_id 恢复；条目仍需主策展复核。
worker-hacker_news-architecture_ecosystem	hacker_news	architecture_ecosystem	architecture_ecosystem	opencli hackernews search	opencli hackernews search	2026-08-26	2	success	从冻结 worker 候选的 provenance/query_id 恢复；条目仍需主策展复核。
hackernoon-pi-extensions	hackernoon	extensions	extensions	external exact-alias discovery then user browser	external exact-alias discovery then user browser	2026-08-26	1	success	从冻结 worker 候选的 provenance/query_id 恢复；条目仍需主策展复核。
hackernoon-pi-tui	hackernoon	tui	tui	external pi.dev search then user browser	external pi.dev search then user browser	2026-08-26	1	success	从冻结 worker 候选的 provenance/query_id 恢复；条目仍需主策展复核。
hackernoon-pi-subagent-race-20260829	hackernoon	20260829	20260829	ordinary Google public search result (site:hackernoon.com pi.dev agent)	ordinary Google public search result (site:hackernoon.com pi.dev agent)	2026-08-29	1	success	从冻结 worker 候选的 provenance/query_id 恢复；条目仍需主策展复核。
hashnode-native-search-oh-my-pi-20260830	hashnode	20260830	20260830	Hashnode public native search/tag feed via ordinary Chrome (query: pi-coding-agent; tag: oh-my-pi-coding-agent)	Hashnode public native search/tag feed via ordinary Chrome (query: pi-coding-agent; tag: oh-my-pi-coding-agent)	2026-08-30	1	success	从冻结 worker 候选的 provenance/query_id 恢复；条目仍需主策展复核。
hashnode-native-search-pi-unity-lmstudio-20260830	hashnode	20260830	20260830	Hashnode public native search (query: pi coding agent) via ordinary Chrome	Hashnode public native search (query: pi coding agent) via ordinary Chrome	2026-08-30	1	success	从冻结 worker 候选的 provenance/query_id 恢复；条目仍需主策展复核。
hashnode-native-search-pi-gitea-workflow-20260830	hashnode	20260830	20260830	Hashnode public native search (query: pi coding agent) via ordinary Chrome	Hashnode public native search (query: pi coding agent) via ordinary Chrome	2026-08-30	1	success	从冻结 worker 候选的 provenance/query_id 恢复；条目仍需主策展复核。
hashnode-native-search-pimono-mom-20260830	hashnode	20260830	20260830	Hashnode public native search (query: pi-mono codebase) via ordinary Chrome	Hashnode public native search (query: pi-mono codebase) via ordinary Chrome	2026-08-30	1	success	从冻结 worker 候选的 provenance/query_id 恢复；条目仍需主策展复核。
hashnode-native-search-pimono-typebox-20260830	hashnode	20260830	20260830	Hashnode public native search (query: pi-mono codebase) via ordinary Chrome	Hashnode public native search (query: pi-mono codebase) via ordinary Chrome	2026-08-30	1	success	从冻结 worker 候选的 provenance/query_id 恢复；条目仍需主策展复核。
hashnode-pi-ecosystem	hashnode	ecosystem	ecosystem	external_exact_alias_discovery	external_exact_alias_discovery	2026-08-26	1	success	从冻结 worker 候选的 provenance/query_id 恢复；条目仍需主策展复核。
hashnode-exact-old-name	hashnode	name	name	external_exact_alias_discovery	external_exact_alias_discovery	2026-08-26	2	success	从冻结 worker 候选的 provenance/query_id 恢复；条目仍需主策展复核。
hashnode-pi-agent-internals-20260829	hashnode	20260829	20260829	ordinary Google public search result (site:hashnode.dev exact Pi Agent query)	ordinary Google public search result (site:hashnode.dev exact Pi Agent query)	2026-08-29	1	success	从冻结 worker 候选的 provenance/query_id 恢复；条目仍需主策展复核。
hashnode-pi-orchestration	hashnode	orchestration	orchestration	external_exact_alias_discovery	external_exact_alias_discovery	2026-08-26	1	success	从冻结 worker 候选的 provenance/query_id 恢复；条目仍需主策展复核。
hf-session-traces	huggingface	traces	traces	Hugging Face public Hub API dataset search	Hugging Face public Hub API dataset search	2026-08-26	3	success	从冻结 worker 候选的 provenance/query_id 恢复；条目仍需主策展复核。
hf-derived-training-evaluation	huggingface	evaluation	evaluation	Hugging Face public Hub API pi-coding-agent dataset search	Hugging Face public Hub API pi-coding-agent dataset search	2026-08-26	7	success	从冻结 worker 候选的 provenance/query_id 恢复；条目仍需主策展复核。
infoq-myclaw-pi-gateway-20260830	infoq	20260830	20260830	ordinary Google public search result followed by official InfoQ Writing canonical page	ordinary Google public search result followed by official InfoQ Writing canonical page	2026-08-30	1	success	从冻结 worker 候选的 provenance/query_id 恢复；条目仍需主策展复核。
infoq-pi-coding-agent-guide-20260829	infoq	20260829	20260829	ordinary Google public search result (bounded exact-title Pi Coding Agent query)	ordinary Google public search result (bounded exact-title Pi Coding Agent query)	2026-08-29	1	success	从冻结 worker 候选的 provenance/query_id 恢复；条目仍需主策展复核。
infoq-pi-agent-route-20260830	infoq	20260830	20260830	ordinary Google public search result (bounded exact-site Pi Agent route query)	ordinary Google public search result (bounded exact-site Pi Agent route query)	2026-08-30	1	success	从冻结 worker 候选的 provenance/query_id 恢复；条目仍需主策展复核。
infoq-pi-syntax-podcast-20260829	infoq	20260829	20260829	bounded Bing/360 public result for exact InfoQ title	bounded Bing/360 public result for exact InfoQ title	2026-08-29	1	success	从冻结 worker 候选的 provenance/query_id 恢复；条目仍需主策展复核。
infoq-rca-agent-pi-20260830	infoq	20260830	20260830	ordinary Google public search result followed by official InfoQ canonical page	ordinary Google public search result followed by official InfoQ canonical page	2026-08-30	1	success	从冻结 worker 候选的 provenance/query_id 恢复；条目仍需主策展复核。
infoq-pi-mono-core-architecture-20260829	infoq	20260829	20260829	ordinary Google public search result (bounded exact-site pi-mono query)	ordinary Google public search result (bounded exact-site pi-mono query)	2026-08-29	1	success	从冻结 worker 候选的 provenance/query_id 恢复；条目仍需主策展复核。
infoq-pi-harness-agents-20260830	infoq	20260830	20260830	ordinary Google public search result (bounded exact-site Pi Harness query)	ordinary Google public search result (bounded exact-site Pi Harness query)	2026-08-30	1	success	从冻结 worker 候选的 provenance/query_id 恢复；条目仍需主策展复核。
infoq-weekly-earendil-pi-20260830	infoq	20260830	20260830	Google public exact-site query: site:xie.infoq.cn/article (earendil-works/pi OR Pi Coding Agent) and direct result inspection	Google public exact-site query: site:xie.infoq.cn/article (earendil-works/pi OR Pi Coding Agent) and direct result inspection	2026-08-30	1	success	从冻结 worker 候选的 provenance/query_id 恢复；条目仍需主策展复核。
worker-infoq-exact_pi	infoq	exact_pi	exact_pi	public original page	public original page	2026-08-26	2	success	从冻结 worker 候选的 provenance/query_id 恢复；条目仍需主策展复核。
worker-infoq-architecture_extensions	infoq	architecture_extensions	architecture_extensions	public original page	public original page	2026-08-26	1	success	从冻结 worker 候选的 provenance/query_id 恢复；条目仍需主策展复核。
worker-juejin-architecture_extensions	juejin	architecture_extensions	architecture_extensions	public original page	public original page	2026-08-26	2	success	从冻结 worker 候选的 provenance/query_id 恢复；条目仍需主策展复核。
worker-juejin-exact_pi	juejin	exact_pi	exact_pi	public original page	public original page	2026-08-26	1	success	从冻结 worker 候选的 provenance/query_id 恢复；条目仍需主策展复核。
linkedin-public-pi-extensions	linkedin	extensions	extensions	bounded discovery from a relevant post exposed on LinkedIn's ordinary public More Relevant Posts surface	bounded discovery from a relevant post exposed on LinkedIn's ordinary public More Relevant Posts surface	2026-08-26	1	success	从冻结 worker 候选的 provenance/query_id 恢复；条目仍需主策展复核。
linkedin-public-pi-plugins	linkedin	plugins	plugins	bounded discovery from LinkedIn ordinary public relevant-post surfaces	bounded discovery from LinkedIn ordinary public relevant-post surfaces	2026-08-26	1	success	从冻结 worker 候选的 provenance/query_id 恢复；条目仍需主策展复核。
worker-linkedin-exact_pi	linkedin	exact_pi	exact_pi	DDG discovery + Jina Reader public guest page	DDG discovery + Jina Reader public guest page	2026-08-26	1	success	从冻结 worker 候选的 provenance/query_id 恢复；条目仍需主策展复核。
worker-linkedin-architecture_ecosystem	linkedin	architecture_ecosystem	architecture_ecosystem	DDG via Jina Reader	DDG via Jina Reader	2026-08-26	1	success	从冻结 worker 候选的 provenance/query_id 恢复；条目仍需主策展复核。
linuxdo_pi_ecosystem	linuxdo	linuxdo_pi_ecosystem	linuxdo_pi_ecosystem	Google query site:linux.do/t/topic Pi Agent	Google query site:linux.do/t/topic Pi Agent	2026-08-26	3	success	从冻结 worker 候选的 provenance/query_id 恢复；条目仍需主策展复核。
linuxdo_pi_practice	linuxdo	linuxdo_pi_practice	linuxdo_pi_practice	Google query site:linux.do/t/topic Pi Agent	Google query site:linux.do/t/topic Pi Agent	2026-08-26	3	success	从冻结 worker 候选的 provenance/query_id 恢复；条目仍需主策展复核。
worker-linuxdo-architecture_extensions	linuxdo	architecture_extensions	architecture_extensions	public indexed original page	public indexed original page	2026-08-26	4	success	从冻结 worker 候选的 provenance/query_id 恢复；条目仍需主策展复核。
worker-linuxdo-exact_pi	linuxdo	exact_pi	exact_pi	public indexed original page	public indexed original page	2026-08-26	4	success	从冻结 worker 候选的 provenance/query_id 恢复；条目仍需主策展复核。
worker-medium-architecture_ecosystem	medium	architecture_ecosystem	architecture_ecosystem	Jina Reader Medium search	Jina Reader Medium search	2026-08-26	2	success	从冻结 worker 候选的 provenance/query_id 恢复；条目仍需主策展复核。
worker-medium-exact_pi	medium	exact_pi	exact_pi	Jina Reader original	Jina Reader original	2026-08-26	1	success	从冻结 worker 候选的 provenance/query_id 恢复；条目仍需主策展复核。
npm-ecosystem-adapters	npm	adapters	adapters	npm_registry_search_and_exact_alias_list	npm_registry_search_and_exact_alias_list	2026-08-26	7	success	从冻结 worker 候选的 provenance/query_id 恢复；条目仍需主策展复核。
npm-official-runtime	npm	runtime	runtime	npm_registry_search_and_exact_alias_list	npm_registry_search_and_exact_alias_list	2026-08-26	13	success	从冻结 worker 候选的 provenance/query_id 恢复；条目仍需主策展复核。
worker-npm-exact_pi	npm	exact_pi	exact_pi	npm search	npm search	2026-08-26	1	success	从冻结 worker 候选的 provenance/query_id 恢复；条目仍需主策展复核。
worker-npm-architecture_ecosystem	npm	architecture_ecosystem	architecture_ecosystem	npm view	npm view	2026-08-26	1	success	从冻结 worker 候选的 provenance/query_id 恢复；条目仍需主策展复核。
worker-official_web-architecture_ecosystem	official_web	architecture_ecosystem	architecture_ecosystem	Jina Reader original page	Jina Reader original page	2026-08-26	3	success	从冻结 worker 候选的 provenance/query_id 恢复；条目仍需主策展复核。
worker-official_web-exact_pi	official_web	exact_pi	exact_pi	DDG discovery + Jina Reader original	DDG discovery + Jina Reader original	2026-08-26	1	success	从冻结 worker 候选的 provenance/query_id 恢复；条目仍需主策展复核。
china-public-oschina-pi-dsh-compare	oschina	compare	compare	bounded external exact-site Google discovery	bounded external exact-site Google discovery	2026-08-26	1	success	从冻结 worker 候选的 provenance/query_id 恢复；条目仍需主策展复核。
china-public-oschina-exact-pi	oschina	pi	pi	bounded external exact-site Google discovery	bounded external exact-site Google discovery	2026-08-26	1	success	从冻结 worker 候选的 provenance/query_id 恢复；条目仍需主策展复核。
china-public-oschina-pi-ecosystem	oschina	ecosystem	ecosystem	bounded external exact-site Google discovery	bounded external exact-site Google discovery	2026-08-26	1	success	从冻结 worker 候选的 provenance/query_id 恢复；条目仍需主策展复核。
oschina-google-oh-my-pi-20260830	oschina	20260830	20260830	"ordinary public Google exact-site query (site:my.oschina.net ""oh-my-pi"") followed by direct OSCHINA canonical readback"	"ordinary public Google exact-site query (site:my.oschina.net ""oh-my-pi"") followed by direct OSCHINA canonical readback"	2026-08-30	2	success	从冻结 worker 候选的 provenance/query_id 恢复；条目仍需主策展复核。
oschina-weekly-19728084-previous-link-craft-agents-20260830	oschina	20260830	20260830	"OSCHINA canonical ""往期精选"" link from a public weekly page, followed by direct canonical readback"	"OSCHINA canonical ""往期精选"" link from a public weekly page, followed by direct canonical readback"	2026-08-30	1	success	从冻结 worker 候选的 provenance/query_id 恢复；条目仍需主策展复核。
oschina-miaoyun-pi-minimax-20260830	oschina	20260830	20260830	Google public exact-phrase discovery (quoted Pi Agent/MiniMax Code 2.0 sentence) followed by direct OSCHINA canonical lookup	Google public exact-phrase discovery (quoted Pi Agent/MiniMax Code 2.0 sentence) followed by direct OSCHINA canonical lookup	2026-08-30	1	success	从冻结 worker 候选的 provenance/query_id 恢复；条目仍需主策展复核。
china-scarce-oschina-github-weekly-pi-20260830	oschina	20260830	20260830	bounded external exact-site discovery by china-scarce worker	bounded external exact-site discovery by china-scarce worker	2026-08-30	1	success	从冻结 worker 候选的 provenance/query_id 恢复；条目仍需主策展复核。
producthunt-bb-built-with-20260830	product_hunt	20260830	20260830	bounded public Product Hunt Built with route discovered from prior exact-phrase Product Hunt probe	bounded public Product Hunt Built with route discovered from prior exact-phrase Product Hunt probe	2026-08-30	1	success	从冻结 worker 候选的 provenance/query_id 恢复；条目仍需主策展复核。
producthunt-pi-built-with-tyndale-20260830	product_hunt	20260830	20260830	"ordinary public Google exact-phrase discovery (site:producthunt.com/products/ ""Pi provides a clean and easy harness"") followed by direct canonical lookup"	"ordinary public Google exact-phrase discovery (site:producthunt.com/products/ ""Pi provides a clean and easy harness"") followed by direct canonical lookup"	2026-08-30	1	success	从冻结 worker 候选的 provenance/query_id 恢复；条目仍需主策展复核。
producthunt-pi-launch	product_hunt	launch	launch	external exact-alias discovery then user browser	external exact-alias discovery then user browser	2026-08-26	1	success	从冻结 worker 候选的 provenance/query_id 恢复；条目仍需主策展复核。
producthunt-pi-adoption	product_hunt	adoption	adoption	product_page_navigation_in_user_browser	product_page_navigation_in_user_browser	2026-08-26	1	success	从冻结 worker 候选的 provenance/query_id 恢复；条目仍需主策展复核。
qiita-exact-project	qiita	project	project	Qiita official API exact-project query	Qiita official API exact-project query	2026-08-26	6	success	从冻结 worker 候选的 provenance/query_id 恢复；条目仍需主策展复核。
qiita-architecture-practice	qiita	practice	practice	Qiita official API architecture query	Qiita official API architecture query	2026-08-26	9	success	从冻结 worker 候选的 provenance/query_id 恢复；条目仍需主策展复核。
qiita-extension-ecosystem	qiita	ecosystem	ecosystem	bounded Qiita official API exact Pi result followed by canonical public article readback	bounded Qiita official API exact Pi result followed by canonical public article readback	2026-08-26	1	success	从冻结 worker 候选的 provenance/query_id 恢复；条目仍需主策展复核。
segmentfault_pi_ecosystem	segmentfault	segmentfault_pi_ecosystem	segmentfault_pi_ecosystem	Google query site:segmentfault.com/a Pi Agent	Google query site:segmentfault.com/a Pi Agent	2026-08-26	1	success	从冻结 worker 候选的 provenance/query_id 恢复；条目仍需主策展复核。
worker-segmentfault-architecture_extensions	segmentfault	architecture_extensions	architecture_extensions	public original page	public original page	2026-08-26	4	success	从冻结 worker 候选的 provenance/query_id 恢复；条目仍需主策展复核。
worker-segmentfault-exact_pi	segmentfault	exact_pi	exact_pi	public original page	public original page	2026-08-26	3	success	从冻结 worker 候选的 provenance/query_id 恢复；条目仍需主策展复核。
substack-pi-practitioner-review	substack	review	review	known public Substack original then canonical browser readback	known public Substack original then canonical browser readback	2026-08-26	1	success	从冻结 worker 候选的 provenance/query_id 恢复；条目仍需主策展复核。
substack-pi-getting-started	substack	started	started	ordinary Google public search result (site:substack.com exact Pi coding-agent query)	ordinary Google public search result (site:substack.com exact Pi coding-agent query)	2026-08-29	1	success	从冻结 worker 候选的 provenance/query_id 恢复；条目仍需主策展复核。
substack-pi-recursive-cell-20260829	substack	20260829	20260829	"ordinary Google public search result (focused exact query for ""Pi coding agent"" and a second exact ""The Recursive Cell"" query)"	"ordinary Google public search result (focused exact query for ""Pi coding agent"" and a second exact ""The Recursive Cell"" query)"	2026-08-29	1	success	从冻结 worker 候选的 provenance/query_id 恢复；条目仍需主策展复核。
substack-pi-architecture-stack	substack	stack	stack	ordinary Google public search result (site:substack.com exact Pi coding-agent query)	ordinary Google public search result (site:substack.com exact Pi coding-agent query)	2026-08-29	1	success	从冻结 worker 候选的 provenance/query_id 恢复；条目仍需主策展复核。
substack-pi-docker-sandbox	substack	sandbox	sandbox	ordinary Google public search result (site:substack.com exact Pi coding-agent query)	ordinary Google public search result (site:substack.com exact Pi coding-agent query)	2026-08-29	1	success	从冻结 worker 候选的 provenance/query_id 恢复；条目仍需主策展复核。
substack-pi-session-lifecycle	substack	lifecycle	lifecycle	ordinary Google public search result (site:substack.com exact Pi coding-agent query)	ordinary Google public search result (site:substack.com exact Pi coding-agent query)	2026-08-29	1	success	从冻结 worker 候选的 provenance/query_id 恢复；条目仍需主策展复核。
substack-pi-local-model	substack	model	model	ordinary Google public search result (site:substack.com exact Pi coding-agent query)	ordinary Google public search result (site:substack.com exact Pi coding-agent query)	2026-08-29	1	success	从冻结 worker 候选的 provenance/query_id 恢复；条目仍需主策展复核。
worker-substack-exact_pi	substack	exact_pi	exact_pi	DDG discovery + Jina Reader original	DDG discovery + Jina Reader original	2026-08-26	2	success	从冻结 worker 候选的 provenance/query_id 恢复；条目仍需主策展复核。
worker-substack-architecture_ecosystem	substack	architecture_ecosystem	architecture_ecosystem	DDG discovery + Jina Reader original	DDG discovery + Jina Reader original	2026-08-26	2	success	从冻结 worker 候选的 provenance/query_id 恢复；条目仍需主策展复核。
toutiao-google-pi-agent-extension-20260830	toutiao	20260830	20260830	"ordinary Google public search (query: ""Pi Agent"" ""今日头条"" 扩展)"	"ordinary Google public search (query: ""Pi Agent"" ""今日头条"" 扩展)"	2026-08-30	2	success	从冻结 worker 候选的 provenance/query_id 恢复；条目仍需主策展复核。
china-scarce-toutiao-github-pi-20260830	toutiao	20260830	20260830	bounded external exact-site discovery by china-scarce worker	bounded external exact-site discovery by china-scarce worker	2026-08-30	1	success	从冻结 worker 候选的 provenance/query_id 恢复；条目仍需主策展复核。
china-scarce-toutiao-pi-runtime-slots-20260830	toutiao	20260830	20260830	bounded external exact-site discovery by china-scarce worker	bounded external exact-site discovery by china-scarce worker	2026-08-30	1	success	从冻结 worker 候选的 provenance/query_id 恢复；条目仍需主策展复核。
china-scarce-toutiao-dsh-pi-adapter-20260830	toutiao	20260830	20260830	bounded external exact-site discovery by china-scarce worker	bounded external exact-site discovery by china-scarce worker	2026-08-30	1	success	从冻结 worker 候选的 provenance/query_id 恢复；条目仍需主策展复核。
china-public-toutiao-pi-deepseek	toutiao	deepseek	deepseek	bounded external exact-site Google discovery; no Toutiao internal search automation	bounded external exact-site Google discovery; no Toutiao internal search automation	2026-08-26	1	success	从冻结 worker 候选的 provenance/query_id 恢复；条目仍需主策展复核。
toutiao-pi-web-followup-20260829	toutiao	20260829	20260829	bounded external exact-site discovery recorded in handoff follow-up	bounded external exact-site discovery recorded in handoff follow-up	2026-08-29	1	success	从冻结 worker 候选的 provenance/query_id 恢复；条目仍需主策展复核。
v2ex-production-comparison	v2ex	comparison	comparison	external exact discovery followed by V2EX API	external exact discovery followed by V2EX API	2026-08-26	4	success	从冻结 worker 候选的 provenance/query_id 恢复；条目仍需主策展复核。
v2ex-exact-project	v2ex	project	project	external exact discovery followed by V2EX API	external exact discovery followed by V2EX API	2026-08-26	2	success	从冻结 worker 候选的 provenance/query_id 恢复；条目仍需主策展复核。
worker-v2ex-exact_pi	v2ex	exact_pi	exact_pi	public original page	public original page	2026-08-26	1	success	从冻结 worker 候选的 provenance/query_id 恢复；条目仍需主策展复核。
weibo-logged-pi-agent-20260830	weibo	20260830	20260830	Weibo native logged-in search for exact phrase Pi Agent (visible result card; used only for discovery)	Weibo native logged-in search for exact phrase Pi Agent (visible result card; used only for discovery)	2026-08-30	8	success	从冻结 worker 候选的 provenance/query_id 恢复；条目仍需主策展复核。
china-public-weibo-pi-ecosystem	weibo	ecosystem	ecosystem	bounded external exact-site Google discovery; no Weibo internal search automation	bounded external exact-site Google discovery; no Weibo internal search automation	2026-08-26	1	success	从冻结 worker 候选的 provenance/query_id 恢复；条目仍需主策展复核。
x-public-canonical-pi-architecture	x	architecture	architecture	one focused external exact-site discovery query; result snippet used only to locate the canonical status URL	one focused external exact-site discovery query; result snippet used only to locate the canonical status URL	2026-08-26	2	success	从冻结 worker 候选的 provenance/query_id 恢复；条目仍需主策展复核。
x-public-canonical-pi-extensions	x	extensions	extensions	one focused external exact-site discovery query; result snippet used only to locate the canonical status URL	one focused external exact-site discovery query; result snippet used only to locate the canonical status URL	2026-08-26	3	success	从冻结 worker 候选的 provenance/query_id 恢复；条目仍需主策展复核。
x-public-canonical-pi-model-practice	x	practice	practice	one focused external exact-site discovery query; result snippet used only to locate the canonical status URL	one focused external exact-site discovery query; result snippet used only to locate the canonical status URL	2026-08-26	1	success	从冻结 worker 候选的 provenance/query_id 恢复；条目仍需主策展复核。
x-public-canonical-pi-releases	x	releases	releases	one focused external exact-site discovery query followed by canonical quoted-post resolution	one focused external exact-site discovery query followed by canonical quoted-post resolution	2026-08-26	1	success	从冻结 worker 候选的 provenance/query_id 恢复；条目仍需主策展复核。
x-public-canonical-pi-articles	x	articles	articles	one focused external exact-site discovery query; result snippet used only to locate the canonical status URL	one focused external exact-site discovery query; result snippet used only to locate the canonical status URL	2026-08-26	1	success	从冻结 worker 候选的 provenance/query_id 恢复；条目仍需主策展复核。
xhs-followup-pi-harness-20260830	xiaohongshu	20260830	20260830	Xiaohongshu native logged-in search for Pi Agent (visible result card followed by canonical detail)	Xiaohongshu native logged-in search for Pi Agent (visible result card followed by canonical detail)	2026-08-30	2	success	从冻结 worker 候选的 provenance/query_id 恢复；条目仍需主策展复核。
xhs-followup-pi-source-20260830	xiaohongshu	20260830	20260830	Xiaohongshu native logged-in search for Pi Agent (visible result card followed by canonical detail)	Xiaohongshu native logged-in search for Pi Agent (visible result card followed by canonical detail)	2026-08-30	1	success	从冻结 worker 候选的 provenance/query_id 恢复；条目仍需主策展复核。
xhs-followup-pi-18cards-20260830	xiaohongshu	20260830	20260830	Xiaohongshu native logged-in search for Pi Agent (visible result card followed by canonical detail)	Xiaohongshu native logged-in search for Pi Agent (visible result card followed by canonical detail)	2026-08-30	1	success	从冻结 worker 候选的 provenance/query_id 恢复；条目仍需主策展复核。
xhs-followup-pi-release-20260830	xiaohongshu	20260830	20260830	Xiaohongshu native logged-in search for Pi Agent (visible result card followed by canonical detail)	Xiaohongshu native logged-in search for Pi Agent (visible result card followed by canonical detail)	2026-08-30	1	success	从冻结 worker 候选的 provenance/query_id 恢复；条目仍需主策展复核。
worker-youtube-exact_pi	youtube	exact_pi	exact_pi	yt-dlp search + metadata probe	yt-dlp search + metadata probe	2026-08-26	8	success	从冻结 worker 候选的 provenance/query_id 恢复；条目仍需主策展复核。
worker-youtube-architecture_ecosystem	youtube	architecture_ecosystem	architecture_ecosystem	yt-dlp search	yt-dlp search	2026-08-26	7	success	从冻结 worker 候选的 provenance/query_id 恢复；条目仍需主策展复核。
zenn-pi-design-transfer	zenn	transfer	transfer	external_search_exact_alias_then_direct_url	external_search_exact_alias_then_direct_url	2026-08-26	1	success	从冻结 worker 候选的 provenance/query_id 恢复；条目仍需主策展复核。
zenn-pi-architecture	zenn	architecture	architecture	external_search_exact_alias_then_direct_url	external_search_exact_alias_then_direct_url	2026-08-26	4	success	从冻结 worker 候选的 provenance/query_id 恢复；条目仍需主策展复核。
zenn-pi-provider-practice	zenn	practice	practice	external_search_exact_alias_then_direct_url	external_search_exact_alias_then_direct_url	2026-08-26	4	success	从冻结 worker 候选的 provenance/query_id 恢复；条目仍需主策展复核。
zenn-pi-extension-practice	zenn	practice	practice	external_search_exact_alias_then_direct_url	external_search_exact_alias_then_direct_url	2026-08-26	1	success	从冻结 worker 候选的 provenance/query_id 恢复；条目仍需主策展复核。
zhihu-pi-agent-deep-dive-20260829	zhihu	20260829	20260829	ordinary Google public search result (bounded exact-title Pi Agent query)	ordinary Google public search result (bounded exact-title Pi Agent query)	2026-08-29	1	success	从冻结 worker 候选的 provenance/query_id 恢复；条目仍需主策展复核。
zhihu-pi-agent-core-20260829	zhihu	20260829	20260829	ordinary Google public search result (bounded exact Zhihu title/ID query)	ordinary Google public search result (bounded exact Zhihu title/ID query)	2026-08-29	1	success	从冻结 worker 候选的 provenance/query_id 恢复；条目仍需主策展复核。
zhihu-pi-sdk-reference-20260829	zhihu	20260829	20260829	ordinary Google public search result (bounded exact Zhihu title/ID query)	ordinary Google public search result (bounded exact Zhihu title/ID query)	2026-08-29	1	success	从冻结 worker 候选的 provenance/query_id 恢复；条目仍需主策展复核。
zhihu-pi-three-month-review-20260829	zhihu	20260829	20260829	ordinary Google public search result (bounded exact Zhihu title/ID query)	ordinary Google public search result (bounded exact Zhihu title/ID query)	2026-08-29	1	success	从冻结 worker 候选的 provenance/query_id 恢复；条目仍需主策展复核。
zhihu-pi-scalpel-workflow-20260829	zhihu	20260829	20260829	ordinary Google public search result (bounded exact Zhihu title/ID query)	ordinary Google public search result (bounded exact Zhihu title/ID query)	2026-08-29	1	success	从冻结 worker 候选的 provenance/query_id 恢复；条目仍需主策展复核。
zhihu-agentic-coding-comparison-20260829	zhihu	20260829	20260829	ordinary Google public search result (bounded exact Zhihu title/ID query)	ordinary Google public search result (bounded exact Zhihu title/ID query)	2026-08-29	1	success	从冻结 worker 候选的 provenance/query_id 恢复；条目仍需主策展复核。
zhihu-pi-refuse-bloat-20260829	zhihu	20260829	20260829	ordinary Google public search result (bounded exact Zhihu title/ID query)	ordinary Google public search result (bounded exact Zhihu title/ID query)	2026-08-29	1	success	从冻结 worker 候选的 provenance/query_id 恢复；条目仍需主策展复核。
zhihu-pi-minimalist-advocate-20260829	zhihu	20260829	20260829	ordinary Google public search result (bounded exact Zhihu title/ID query)	ordinary Google public search result (bounded exact Zhihu title/ID query)	2026-08-29	1	success	从冻结 worker 候选的 provenance/query_id 恢复；条目仍需主策展复核。
zhihu-pi-core-architecture-20260829	zhihu	20260829	20260829	ordinary Google public search result (bounded exact Zhihu title/ID query)	ordinary Google public search result (bounded exact Zhihu title/ID query)	2026-08-29	1	success	从冻结 worker 候选的 provenance/query_id 恢复；条目仍需主策展复核。
zhihu-pi-deepseek-v4-20260829	zhihu	20260829	20260829	ordinary Google public search result (bounded exact Zhihu title/ID query)	ordinary Google public search result (bounded exact Zhihu title/ID query)	2026-08-29	1	success	从冻结 worker 候选的 provenance/query_id 恢复；条目仍需主策展复核。
worker-zhihu-exact_pi	zhihu	exact_pi	exact_pi	public original page	public original page	2026-08-26	3	success	从冻结 worker 候选的 provenance/query_id 恢复；条目仍需主策展复核。
worker-zhihu-architecture_extensions	zhihu	architecture_extensions	architecture_extensions	public original page	public original page	2026-08-26	2	success	从冻结 worker 候选的 provenance/query_id 恢复；条目仍需主策展复核。
