platform_id	official_rule_sources	discovery_route	readback_route	login_requirement	allowed_metadata	interaction_caveats	rate_or_automation_caveats	fallback	last_checked_at	tool_readiness	bridge_state	auth_state	quota_state	authorization	probe_result	next_safe_step
v2ex	https://www.v2ex.com/robots.txt	Public REST API has no search endpoint; discover via Exa/known topic URLs then confirm on-site	Public API /api/topics/show.json?id= and /api/replies/show.json; topic page readable	No login for public topics	Title creator node date body and reply count	No posting replying thanking or favoriting	Keep request rate low; single-topic API reads only	Use already known canonical topic URLs or ordinary browser	2026-08-27T01:00:00+08:00	available	not_required	anonymous	not_observed	granted_for_current_task	pending	Curator verify each topic body via public API before accept
official_web	https://pi.dev/robots.txt	Site navigation and news index on pi.dev plus author blog index	Direct public page read via Jina Reader or plain HTTP	No login	Full page text date and canonical URL	No form submissions or account actions	Low request rate; static site	Plain HTTP fetch with transparent UA	2026-08-27T01:00:00+08:00	available	not_required	anonymous	not_observed	granted_for_current_task	pending	Enumerate pi.dev news/docs and mariozechner.at pi posts
npm	https://docs.npmjs.com/policies/	Registry search API /-/v1/search?text=	Registry object API and package page README via registry or unpkg	No login	Package name version description readme dates and maintainers	No publishing unpublishing or account mutations	Respect registry rate limits; no bulk mirroring	unpkg.com/<pkg>@<ver>/README.md readback	2026-08-27T01:00:00+08:00	available	not_required	anonymous	not_observed	granted_for_current_task	pending	Read @mariozechner/pi-coding-agent and related package READMEs
zenn	https://zenn.dev/terms	Public API /api/articles? plus Exa domain:zenn.dev discovery	Public API article detail with body	No login for public articles	Title author date body and canonical URL	No likes follows or comments	Keep low request rate	Ordinary browser read of canonical article URL	2026-08-27T01:00:00+08:00	available	not_required	anonymous	not_observed	granted_for_current_task	pending	Filter Japanese false positives (raspberry pi etc) before accept
hackernoon	https://hackernoon.com/robots.txt	Exa domain:hackernoon.com discovery; tag pages	Public article page via Jina Reader	No login for public stories	Title author date body and canonical URL	No account actions	Moderate rate; some stories syndicated—keep original	Public story URL via ordinary browser	2026-08-27T01:00:00+08:00	available	not_required	anonymous	not_observed	granted_for_current_task	pending	Verify each story actually about pi coding agent
qiita	https://qiita.com/terms	Public API /api/v2/items?query=	Public API item detail body field	No login for public items	Title author date body tags and canonical URL	No likes follows or comments	API rate limits apply; keep low volume	Canonical item page via ordinary browser	2026-08-27T01:00:00+08:00	available	not_required	anonymous	not_observed	granted_for_current_task	pending	Filter Japanese false positives before accept
hashnode	https://hashnode.com/robots.txt	Public GraphQL gql.hashnode.com feed/search queries	Same GraphQL single-post query returns content	No login for public posts	Title author date body and canonical URL	No account mutations	Reasonable GraphQL query volume only	Canonical blog URL via Jina Reader	2026-08-27T01:00:00+08:00	available	not_required	anonymous	not_observed	granted_for_current_task	pending	Confirm each post body mentions the pi project explicitly
note	https://note.com/terms	Exa domain:note.com discovery; site search page in browser only	Public note page via Jina Reader	No login for public notes	Title creator date body and canonical URL	No likes follows or purchases	Low request rate	Ordinary browser read of canonical note URL	2026-08-27T01:00:00+08:00	available	not_required	anonymous	not_observed	granted_for_current_task	pending	Filter Japanese false positives before accept
composio	https://composio.dev/robots.txt	Exa domain:composio.dev discovery across docs/blog	Public docs/blog page via Jina Reader	No login	Title date body and canonical URL	No account actions	Low request rate	Canonical page via ordinary browser	2026-08-27T01:00:00+08:00	available	not_required	anonymous	not_observed	granted_for_current_task	pending	Keep only pages documenting pi agent/harness integration
pypi	https://pypi.org/robots.txt	Exa domain:pypi.org discovery (simple search API retired)	PyPI JSON API /pypi/<pkg>/json and project page description	No login	Package name version summary description dates and author	No publishing or account actions	Respect rate limits; JSON API preferred over HTML	Canonical project page via ordinary browser	2026-08-27T01:00:00+08:00	available	not_required	anonymous	not_observed	granted_for_current_task	pending	Verify package description actually relates to pi coding agent
