candidate_id	object_class	upstream_relation	session_count_or_scope	exact_overlap_evidence	recommendation	rationale
code-hosts-hf-001	first-party raw session dataset	canonical source: badlogicgames/pi-mono	626 raw sessions	All 626 session SHA-256 values and Git blob OIDs reappear unchanged in code-hosts-hf-003; 182 session UUIDs also appear in code-hosts-hf-005; code-hosts-hf-006 declares this dataset as its sole source.	keep_as_canonical_source	This is the canonical first-party source object; downstream aggregations and transformations must not be counted as independent raw corpora.
code-hosts-hf-002	first-party raw session dataset	independent pi-diff-review project corpus	6 raw sessions	All 6 session SHA-256 values and Git blob OIDs reappear unchanged in code-hosts-hf-003.	keep_as_canonical_source	Independent project-level raw corpus; it is duplicated by the aggregate but is not a duplicate of code-hosts-hf-001.
code-hosts-hf-003	byte-preserving aggregate dataset	compilation of 21 upstream datasets including 001 002 and 007	1291 aggregated sessions	Manifest attributes 626 rows to badlogicgames/pi-mono 6 to badlogicgames/pi-diff-review and 103 to thomasmustier/pi-mono-sessions; all 626/6/103 corresponding SHA-256 values and Git blob OIDs match the upstream objects exactly.	exclude_from_unique_content_quota	The card says it adds no raw data and performs no cleaning beyond upstream processing; it is a useful catalog/provenance index but not an independent content object under the no-aggregation/no-duplicate rule.
code-hosts-hf-004	independent trained model	Needle/JAX tool-routing fine-tune with bundled generated corpus	1500 generated training examples; 26.3M parameter model	No exact Git blob or session-UUID overlap with the accepted raw session repositories; card describes a distinct model and training artifact.	keep_as_distinct_model	A trained model/routing experiment is a new artifact class rather than another copy of the raw Pi sessions.
code-hosts-hf-005	filtered derivative dataset	strict subset of code-hosts-hf-001	182 retained raw sessions	All 182 session UUIDs are contained in code-hosts-hf-001; paths are the same and sampled files differ only by LF versus CRLF line endings; card explicitly says it filters badlogicgames/pi-mono to Opus traces and drops invalid sessions.	exclude_from_unique_content_quota	It adds selection only and its 324-byte card provides no reproducible filtering code or per-session manifest; it must not count as an independent corpus.
code-hosts-hf-006	format-converted and scored derivative dataset	Talos transformation of code-hosts-hf-001	610 parseable full rows at audited commit plus 149-row clean subset	Card declares badlogicgames/pi-mono as sole source and describes conversion/scoring/masking; downloaded data.jsonl has 610 rows (trace_0..trace_610 with trace_426 absent), while the card claims 611; data_clean.jsonl has 149 transformed rows and exposes original UUIDs for 148 current upstream sessions.	exclude_from_unique_content_quota	The transformation and scoring pipeline are useful research metadata, but the underlying conversations are the same source corpus; current row-count/provenance inconsistencies also require resolution before reuse.
code-hosts-hf-007	contributor raw session dataset	independent contributor sessions about upstream earendil-works/pi	104 raw sessions	Zero session UUID or content-SHA overlap with code-hosts-hf-001; code-hosts-hf-003 contains all 104 blobs unchanged, attributing 103 to this dataset and one identical blob to thomasmustier/pi-extensions-sessions.	keep_as_canonical_source	Independent raw sessions from a different contributor; aggregation into code-hosts-hf-003 does not erase the canonical source object.
code-hosts-hf-008	trained LoRA adapter	64-sample filtered training from code-hosts-hf-001	Gemma 4 12B SDPO/QLoRA adapter	Card explicitly names badlogicgames/pi-mono training data but repository artifacts have no exact blob/session-file identity with the raw dataset.	keep_as_distinct_model	The model weights and documented training experiment are a distinct product artifact; do not describe its 64 samples as a new raw corpus.
code-hosts-hf-009	trained LoRA adapter	SFT training from code-hosts-hf-001	Gemma 4 E2B-it Pi Mono LoRA	Card explicitly names badlogicgames/pi-mono training data but repository artifacts have no exact blob/session-file identity with the raw dataset.	keep_as_distinct_model	Distinct adapter and evaluation artifact; its source traces remain derivative and must not be counted again as raw content.
code-hosts-hf-010	trained merged model	SFT training from code-hosts-hf-001	Gemma 4 2B merged SFT model	Card explicitly names badlogicgames/pi-mono training data but repository artifacts have no exact blob/session-file identity with the raw dataset.	keep_as_distinct_model	Distinct merged model artifact; source-data reuse is disclosed and does not make the weights a duplicate raw dataset.
